User ID,#OP1,#OP2,#OP3,#OP4,#OP5,#CO1,#CO2,#CO3,#CO4,#CO5,#EX1,#EX2,#EX3,#EX4,#EX5,#AG1,#AG2,#AG3,#AG4,#AG5,#NE1,#NE2,#NE3,#NE4,#NE5
1,5,3,1,2,2,5,2,5,2,4,2,3,5,5,3,1,1,4,1,1,2,1,1,5,2
2,1,5,3,4,1,2,1,3,5,1,3,5,2,2,3,3,4,5,3,5,3,3,2,3,5
3,1,4,5,4,3,1,3,3,3,3,1,3,4,1,3,3,4,3,5,2,4,3,1,4,4
4,4,1,5,4,3,4,4,3,3,4,1,5,1,2,4,5,2,2,4,5,5,1,1,4,2
5,3,5,5,2,3,2,4,4,5,5,2,4,2,3,4,5,4,1,2,4,3,5,2,2,4
6,5,3,3,4,5,4,1,3,3,3,2,2,4,2,5,4,3,5,5,4,4,2,5,4,3
7,4,4,2,2,4,2,1,1,3,2,4,2,4,3,3,3,2,2,1,4,2,4,5,1,1
8,3,4,3,4,5,1,5,2,1,1,3,2,4,4,3,1,4,3,3,4,2,3,3,3,1
9,1,3,4,5,2,4,2,5,1,1,4,3,3,1,1,2,1,3,3,1,5,5,5,4,1
10,2,1,2,3,5,3,2,2,1,2,4,3,2,3,5,4,4,3,3,3,2,5,3,4,3
11,4,4,4,5,2,1,3,4,1,1,3,1,1,3,2,4,3,4,1,5,5,5,5,3,5
12,1,5,5,4,1,5,2,5,1,3,5,2,5,4,1,2,5,5,5,1,4,2,1,1,4
13,4,3,1,5,4,2,2,1,3,3,2,1,2,1,4,4,4,4,2,4,1,5,5,4,3
14,3,2,2,4,3,4,5,3,2,5,3,1,4,4,5,5,3,5,4,5,5,2,4,2,4
15,1,5,1,2,3,5,4,3,4,2,3,2,5,5,3,1,2,3,4,5,1,3,5,3,5
16,4,4,4,3,2,2,1,2,4,2,4,2,5,4,3,1,2,3,4,5,1,1,3,5,3
17,5,5,1,4,5,1,4,4,5,2,3,1,5,1,1,4,5,1,3,2,1,4,2,3,5
18,3,1,4,3,2,5,4,4,5,5,1,4,2,3,4,3,5,3,3,3,3,2,1,3,5
19,3,1,1,1,2,1,3,4,5,2,1,3,5,1,1,3,4,2,3,2,4,1,4,4,5
20,2,4,3,1,5,5,1,5,5,5,2,5,5,5,2,1,3,4,1,2,3,1,5,5,3
21,4,3,5,1,5,3,4,3,5,3,1,2,4,2,5,5,3,3,1,4,3,4,3,3,4
22,2,4,2,4,4,2,5,2,4,4,1,3,5,3,5,3,1,2,3,2,2,2,4,5,4
23,4,3,4,1,5,3,1,3,3,3,3,4,5,5,4,4,5,4,3,2,3,3,5,1,3
24,2,1,3,2,5,2,4,1,3,1,1,5,3,4,5,2,4,3,3,2,3,1,5,4,4
25,1,3,5,3,1,5,5,5,4,5,1,3,4,3,4,1,2,1,1,4,5,1,4,4,2
26,4,1,5,3,3,3,2,3,5,5,1,5,2,3,3,5,3,2,3,3,3,4,3,5,2
27,3,4,4,2,5,5,3,1,2,5,2,2,2,5,5,5,2,5,2,5,1,4,1,1,1
28,5,5,5,4,5,3,2,5,3,1,2,1,1,5,1,2,5,2,5,3,2,5,4,3,3
29,3,4,3,4,4,1,4,4,4,3,4,3,5,1,2,4,2,4,5,2,1,5,5,3,3
30,3,1,5,4,1,3,2,3,5,2,3,1,3,5,2,4,5,4,1,5,4,5,2,3,1
31,4,5,2,3,2,1,5,4,1,2,4,5,3,1,4,3,5,4,2,2,2,2,3,4,3
32,1,4,3,4,4,1,2,1,3,5,4,4,1,3,4,3,1,1,5,3,1,5,4,2,3
33,4,3,5,1,2,5,1,5,5,2,1,3,5,1,5,4,2,5,5,2,2,2,1,1,3
34,3,2,2,2,4,2,5,5,4,5,1,4,5,2,3,2,1,4,5,4,5,1,4,4,4
35,5,2,5,3,1,5,1,4,3,1,2,3,4,3,1,1,5,5,3,2,1,1,1,4,2
36,2,3,4,1,1,1,3,3,5,5,5,1,4,3,3,4,3,2,4,3,5,1,5,5,2
37,1,3,1,3,2,4,5,1,5,2,5,3,4,4,4,3,3,5,1,2,4,4,1,1,1
38,1,4,5,2,1,5,4,1,4,2,1,2,5,3,3,3,4,2,1,2,3,3,3,1,4
39,2,3,2,4,1,3,4,4,5,5,5,5,2,1,2,5,1,3,1,2,2,4,4,2,1
40,1,5,3,1,5,5,4,4,5,1,4,3,5,5,1,1,5,4,2,4,3,3,4,3,1
41,2,2,4,1,4,2,3,1,5,2,1,4,1,1,3,1,2,3,4,4,1,4,4,1,3
42,3,1,1,1,5,1,2,2,3,3,2,2,5,1,5,4,3,5,4,4,1,5,1,2,5
43,2,1,5,2,3,3,5,5,5,2,2,5,4,1,2,3,2,5,3,4,4,1,1,4,3
44,1,4,2,1,3,2,5,4,3,4,1,2,3,5,5,5,5,3,4,3,5,2,1,1,3
45,4,2,2,5,5,3,1,5,1,2,1,1,3,2,4,3,5,1,4,4,5,4,5,2,1
46,1,1,5,2,5,2,3,2,3,5,2,1,4,1,1,4,4,3,1,5,3,1,1,1,2
47,3,1,1,5,1,1,4,5,5,5,4,3,3,4,2,3,5,5,3,2,5,3,1,3,3
48,3,1,1,3,3,2,2,1,1,5,1,5,4,4,5,2,5,4,4,2,4,2,3,5,4
49,5,1,1,1,5,1,1,5,5,4,4,5,1,3,5,1,4,2,5,1,4,1,1,3,4
50,5,3,2,2,1,1,1,1,4,1,4,3,2,4,3,3,5,5,3,2,5,4,2,1,4
51,4,4,4,2,2,4,4,5,2,4,2,1,3,4,1,1,5,2,3,3,3,4,2,1,2
52,3,3,1,4,2,5,2,5,4,4,4,2,1,5,5,4,4,4,4,1,4,3,2,2,5
53,1,5,3,4,3,5,5,5,3,3,1,5,4,3,5,1,1,5,2,4,3,4,2,3,1
54,4,1,4,5,4,1,4,1,5,2,3,3,5,1,4,4,2,2,1,1,2,1,2,2,2
55,2,5,3,4,3,2,2,1,3,1,1,1,2,1,1,1,4,5,3,4,3,2,5,2,1
56,2,3,2,5,5,3,2,4,1,3,2,4,1,1,5,4,4,2,4,2,5,2,5,1,3
57,4,3,2,4,5,2,3,2,2,5,3,5,3,1,3,3,1,2,3,2,4,5,3,5,1
58,4,4,1,2,5,2,5,4,2,1,2,1,2,1,2,2,3,4,2,2,2,4,2,3,3
59,4,5,2,4,4,5,3,1,5,1,4,4,1,3,1,3,2,5,2,2,4,3,3,2,3
60,2,4,3,3,2,1,1,1,2,2,1,1,1,5,1,3,5,5,3,4,5,4,2,1,3
61,4,4,4,4,2,1,3,2,2,4,2,5,4,3,5,4,2,4,3,4,4,5,3,2,1
62,4,2,3,1,4,2,3,2,3,3,3,3,4,1,2,5,5,2,4,5,3,4,2,3,5
63,4,2,1,3,4,2,2,5,5,2,3,5,2,2,5,1,2,5,1,1,4,4,4,5,2
64,4,3,4,3,2,4,4,1,5,1,1,4,2,1,3,2,5,4,5,1,4,1,4,3,4
65,1,5,3,1,4,3,2,3,1,3,2,2,4,4,3,1,5,5,3,2,4,1,1,5,4
66,5,2,5,5,3,1,1,4,5,1,1,2,2,5,3,2,2,5,5,4,3,2,3,2,3
67,2,2,2,3,3,4,5,1,2,5,4,5,3,3,5,5,5,1,1,3,1,4,2,4,1
68,3,3,1,4,4,5,5,1,5,3,2,2,3,5,3,5,5,2,3,4,3,2,5,4,3
69,2,5,1,4,1,5,5,3,1,5,1,5,2,5,2,5,4,2,5,3,2,2,1,1,5
70,1,4,5,5,2,2,4,3,4,2,2,4,4,2,4,1,2,3,1,4,5,3,4,4,3
71,5,1,5,3,5,4,1,5,1,5,5,3,2,4,2,1,1,4,2,3,4,5,4,3,4
72,1,3,1,5,1,5,2,1,5,5,5,4,5,4,2,3,2,2,1,3,1,1,4,3,1
73,2,5,3,4,1,1,5,4,1,5,2,4,1,2,5,2,3,2,4,3,2,1,4,1,4
74,3,5,1,3,3,3,2,1,3,5,2,1,2,1,3,1,5,3,3,5,4,2,5,4,3
75,1,3,5,1,5,4,1,4,3,2,1,4,4,4,4,4,3,1,4,2,3,2,1,4,4
76,1,5,2,4,1,3,4,1,3,1,4,1,1,1,3,2,3,4,2,1,3,2,3,5,4
77,4,5,3,5,3,3,5,4,1,1,3,5,5,3,5,5,2,3,2,2,5,1,1,2,1
78,3,4,1,3,1,5,3,5,2,4,1,5,1,4,3,3,1,1,1,5,1,5,5,5,1
79,2,2,2,5,1,5,3,5,2,4,5,2,5,3,4,1,4,1,3,2,5,5,3,5,2
80,1,5,4,5,5,3,1,3,1,4,2,2,1,4,3,3,2,4,2,3,1,4,3,1,1
81,3,3,5,1,3,2,1,4,1,2,3,4,4,5,4,2,5,4,4,2,3,5,1,3,3
82,4,1,2,4,1,1,3,3,3,1,3,3,2,4,5,5,3,5,1,4,5,5,5,1,4
83,3,5,2,3,5,3,1,4,1,4,3,3,2,3,3,5,5,1,4,3,2,5,2,5,1
84,1,3,4,1,4,3,5,4,2,1,4,3,3,2,5,1,5,1,5,4,5,2,5,3,2
85,5,3,3,2,4,2,4,5,3,5,3,5,1,5,4,4,3,2,4,5,5,5,4,5,3
86,1,5,3,1,2,1,1,5,5,3,5,2,2,2,2,5,3,5,4,3,2,2,3,1,5
87,2,1,5,4,3,1,2,3,3,4,2,3,3,1,3,1,2,1,3,2,4,1,1,2,3
88,2,4,4,1,1,4,1,3,2,2,3,3,1,4,3,3,4,3,3,5,2,1,1,2,1
89,3,4,4,4,5,1,3,3,2,2,2,1,5,1,2,2,1,4,3,2,1,2,3,4,3
90,3,1,5,1,5,5,5,4,2,1,4,3,2,2,1,1,1,2,2,4,4,4,4,3,1
91,1,4,2,4,2,1,1,2,1,3,5,5,1,3,1,5,3,1,1,3,2,2,3,1,1
92,3,2,3,1,3,2,4,2,2,4,3,4,3,1,5,5,4,2,5,4,5,2,3,4,3
93,5,3,1,3,5,1,2,1,1,5,3,4,5,2,1,5,3,3,1,3,5,1,4,1,2
94,3,3,3,4,2,2,5,2,2,1,4,1,4,5,2,3,2,1,2,4,3,1,5,5,3
95,3,2,1,1,4,5,5,5,5,4,2,5,3,4,3,3,1,1,2,1,5,3,4,5,2
96,5,3,4,4,1,4,2,2,3,4,1,2,4,2,3,3,3,4,2,1,5,5,4,2,1
97,1,2,4,1,4,1,1,4,4,5,5,5,2,2,2,3,2,4,1,1,1,4,2,5,1
98,1,3,3,2,5,4,2,5,5,4,1,4,4,4,3,5,2,1,4,1,4,4,2,2,5
99,1,4,4,2,2,5,4,1,3,5,4,2,1,2,3,5,5,2,5,5,1,5,4,1,3
100,5,4,3,2,3,5,1,4,1,2,2,5,4,5,4,1,2,3,3,3,4,3,1,2,3
101,5,2,4,5,4,3,4,4,3,3,3,5,3,4,1,4,2,2,2,5,5,1,2,4,1
102,5,1,2,3,2,4,3,2,3,5,3,5,4,4,4,5,2,5,1,4,1,5,3,1,5
103,3,1,1,3,3,2,3,1,5,5,5,2,3,2,1,2,1,5,1,4,5,4,5,2,2
104,2,5,2,2,2,5,4,2,2,1,5,3,3,3,1,5,1,1,3,5,3,1,2,3,4
105,5,5,3,2,2,3,2,2,2,3,2,5,5,3,5,1,4,5,5,3,5,3,4,3,2
106,5,5,3,5,3,3,1,4,4,2,3,2,4,3,4,5,1,3,4,4,1,5,3,2,3
107,2,1,2,4,2,5,3,1,3,5,2,3,3,1,1,1,5,3,5,3,3,5,1,4,4
108,1,2,4,4,2,5,2,3,2,4,2,5,4,1,5,4,1,2,1,2,4,4,2,5,4
109,4,2,1,2,5,5,4,4,3,1,3,2,5,1,4,2,4,5,5,4,5,4,3,3,3
110,3,4,5,4,3,5,1,5,1,1,5,3,4,2,3,2,2,4,2,5,1,5,4,3,3
111,1,1,2,5,3,2,5,3,4,1,3,1,5,2,1,4,1,1,1,1,1,1,2,1,1
112,4,2,5,3,1,4,5,1,5,5,2,1,1,1,2,1,5,5,1,1,2,3,1,1,3
113,4,1,5,5,2,5,4,5,4,1,4,1,5,3,2,2,2,5,3,5,1,3,4,1,2
114,4,5,3,1,5,4,2,4,5,5,2,4,1,1,4,5,4,2,3,5,1,5,3,5,4
115,4,4,1,3,1,1,5,4,5,2,5,4,2,1,1,2,3,5,2,5,2,4,3,5,3
116,2,5,1,5,4,2,5,4,5,4,3,4,2,5,4,3,2,3,5,5,5,3,2,1,2
117,1,3,1,4,4,4,3,3,2,4,1,5,1,1,1,2,5,5,5,2,3,3,2,1,4
118,3,2,4,2,3,1,5,1,2,4,2,5,5,3,4,3,1,1,1,1,1,5,2,5,1
119,1,2,2,3,5,5,2,2,4,1,3,3,3,2,5,1,1,5,1,2,4,2,3,3,1
120,5,1,5,2,2,5,5,4,5,3,3,3,4,4,1,3,3,2,5,2,1,3,5,4,4
121,1,5,2,1,4,2,2,2,5,4,3,1,5,2,2,1,3,4,3,3,2,2,2,2,3
122,1,4,3,1,3,5,3,5,2,3,4,1,1,4,4,3,5,1,3,5,5,2,1,1,5
123,4,5,3,3,4,4,2,5,5,3,1,3,3,1,2,2,1,2,4,1,3,1,3,5,1
124,5,3,4,3,5,1,1,2,3,4,3,4,4,4,4,3,2,1,1,1,2,5,2,2,5
125,5,1,3,3,2,5,2,5,3,1,1,2,1,4,5,3,2,3,5,4,3,5,5,5,3
126,5,4,1,2,2,3,4,5,5,2,3,1,3,5,2,3,4,1,5,3,2,1,2,4,2
127,3,1,5,5,3,3,4,3,2,1,5,2,4,3,3,4,4,3,4,1,2,1,3,3,2
128,3,5,1,2,5,5,4,2,5,2,2,4,2,4,3,2,5,1,3,5,3,2,4,5,4
129,5,1,3,1,5,2,5,4,5,3,5,2,1,3,5,4,2,3,5,2,3,2,5,5,4
130,3,2,4,3,1,2,2,3,3,3,4,2,1,3,5,1,3,1,3,4,1,4,3,5,1
131,1,5,1,3,1,1,3,2,2,2,1,1,2,2,4,4,1,2,2,3,4,1,1,1,1
132,3,1,1,2,2,5,5,3,2,2,2,2,2,3,3,5,2,5,1,2,1,3,4,5,2
133,5,4,4,5,5,1,5,3,3,3,3,3,5,1,5,3,2,5,4,2,4,2,5,4,2
134,4,4,3,4,2,4,1,5,2,1,5,4,5,5,5,5,3,2,1,4,1,4,2,4,5
135,5,2,5,3,3,3,3,1,5,3,1,5,2,2,4,5,1,4,4,4,2,1,5,1,1
136,2,4,1,3,3,4,2,3,4,3,1,4,4,3,5,1,3,1,2,5,3,4,3,4,5
137,5,3,2,3,3,1,1,1,1,1,5,4,2,5,5,3,5,2,4,3,1,2,1,4,3
138,4,2,1,3,4,1,3,2,2,3,2,2,5,2,3,4,3,1,4,4,5,4,2,2,4
139,4,4,3,2,4,2,3,2,1,2,4,4,3,2,1,2,4,4,2,3,2,1,2,3,2
140,2,1,5,5,5,4,1,2,3,5,1,4,2,2,2,2,4,5,5,3,2,5,2,3,2
141,5,1,5,3,4,4,5,4,3,3,4,3,5,3,3,3,2,5,1,5,5,5,2,2,3
142,4,5,5,1,5,5,4,1,3,5,2,4,5,5,1,3,4,2,5,2,3,4,2,4,3
143,3,5,3,4,4,1,2,4,3,3,1,2,3,2,3,4,3,2,3,1,1,1,2,1,1
144,4,2,5,4,4,4,2,1,3,1,5,5,5,2,1,1,1,4,2,4,2,1,5,1,1
145,5,1,2,3,5,5,3,1,4,2,2,2,4,4,5,1,1,2,5,4,3,2,1,5,1
146,4,2,2,2,5,4,5,3,3,2,3,1,4,1,5,3,1,3,3,5,2,4,1,1,2
147,4,4,4,4,2,1,3,1,2,4,4,4,1,3,3,1,4,1,3,3,3,3,2,2,2
148,1,1,1,4,4,2,1,2,4,3,2,4,4,1,3,1,2,3,2,1,2,1,3,4,2
149,5,3,1,3,1,3,5,5,3,1,3,2,4,2,4,5,2,2,3,4,5,3,3,5,1
150,1,4,3,2,2,5,2,2,3,1,2,4,4,1,4,3,2,5,4,3,3,2,5,2,3
151,5,5,4,5,5,5,4,2,1,1,4,5,1,4,3,1,5,4,1,1,3,3,2,1,2
152,2,3,1,4,1,1,4,1,3,5,2,1,2,3,1,3,1,4,5,1,2,5,5,2,4
153,3,5,5,3,4,3,5,2,1,2,5,4,2,2,4,5,5,2,2,1,3,3,2,2,3
154,2,1,1,5,3,4,2,3,2,1,2,5,1,5,1,2,4,4,2,4,3,2,1,5,5
155,5,1,2,1,1,1,4,3,2,5,4,4,4,4,5,5,3,2,3,2,1,3,4,2,3
156,3,1,2,4,1,3,2,5,3,3,3,4,4,5,5,3,1,5,4,1,2,4,4,3,1
157,5,5,1,5,3,1,2,1,4,1,3,3,5,2,2,2,4,5,2,3,1,2,1,1,2
158,4,3,5,5,1,4,4,3,2,4,5,2,3,5,5,4,3,2,4,4,1,1,1,4,1
159,5,5,1,4,2,5,4,3,5,1,5,5,4,4,1,4,2,4,1,3,2,3,4,4,2
160,1,2,2,3,1,3,2,4,2,4,1,4,5,5,1,4,4,2,2,5,1,4,4,1,3
161,1,3,4,4,3,5,3,4,2,4,4,5,2,1,4,3,2,2,3,1,1,2,5,2,4
162,4,3,3,4,4,1,3,1,5,4,3,2,3,2,2,4,1,3,1,4,4,5,2,3,4
163,1,3,1,1,3,1,5,3,4,3,4,5,5,2,4,2,4,3,5,1,1,4,4,1,1
164,3,1,5,5,1,2,5,4,1,2,3,2,5,3,1,2,2,2,3,2,1,1,5,2,3
165,2,2,2,1,5,5,5,5,2,1,5,1,1,1,5,1,1,1,5,5,3,4,5,1,4
166,5,4,2,3,1,4,2,3,2,2,4,1,4,4,4,2,1,3,5,2,5,4,2,2,1
167,1,1,2,4,2,1,4,5,1,3,4,3,5,4,2,4,1,5,3,5,2,5,4,5,2
168,2,5,2,4,3,3,3,5,3,2,5,1,5,5,2,3,4,3,2,2,2,3,2,5,2
169,4,3,3,3,1,3,5,4,3,3,3,3,1,4,5,5,1,3,4,1,4,2,5,4,2
170,2,1,5,4,4,2,2,5,3,3,5,1,4,2,4,4,5,5,3,2,2,3,2,3,1
171,4,5,3,5,3,4,3,2,2,5,4,3,3,1,3,5,3,4,1,3,2,1,3,1,5
172,1,2,1,1,2,2,1,2,5,2,2,4,3,5,2,4,5,5,4,5,2,1,1,3,1
173,2,5,5,2,1,4,3,1,3,5,2,2,1,2,3,1,4,2,1,3,4,2,5,4,2
174,2,2,5,4,1,5,4,2,2,1,4,5,3,4,2,4,5,5,5,4,3,2,3,4,2
175,4,2,4,1,3,4,2,1,3,1,5,2,4,3,5,1,2,2,5,3,5,2,5,4,3
176,4,3,5,1,4,4,5,3,3,2,4,1,5,2,4,3,5,1,3,1,4,5,2,5,4
177,2,3,3,4,4,2,4,3,5,4,3,5,2,4,1,1,1,2,4,4,3,1,5,2,5
178,5,4,2,5,3,1,5,5,4,5,5,3,4,1,2,2,3,2,1,1,4,2,5,5,5
179,1,5,3,2,5,2,4,2,2,1,3,1,3,2,3,3,3,2,4,2,1,5,2,2,4
180,3,3,5,3,5,4,3,2,4,5,4,1,1,4,3,5,3,2,2,4,2,5,2,5,5
181,5,1,2,5,1,4,4,5,4,3,4,5,2,4,3,2,5,5,1,2,1,2,3,4,4
182,2,2,4,4,3,5,1,3,3,2,2,1,3,2,4,3,3,3,2,5,5,2,1,1,3
183,2,5,2,4,4,1,5,5,4,1,5,3,5,5,1,2,2,3,2,4,2,1,1,1,2
184,2,5,3,3,1,2,1,5,5,2,1,4,1,2,2,1,1,5,3,5,4,3,4,1,3
185,3,2,4,1,3,2,2,3,4,3,4,3,2,3,4,3,5,3,3,3,4,1,1,4,1
186,5,5,5,4,3,5,3,2,2,5,5,4,5,4,4,1,4,1,3,5,3,5,3,2,2
187,2,2,4,1,5,5,3,1,4,3,4,5,2,4,2,1,5,5,3,4,4,4,3,5,5
188,4,4,4,5,2,1,1,2,1,2,4,5,5,4,2,3,4,3,1,1,5,2,3,5,3
189,5,4,1,4,1,2,1,4,4,1,4,4,2,3,3,5,4,1,3,4,2,5,1,4,1
190,1,4,5,5,1,4,3,1,2,5,4,1,5,4,4,3,2,2,4,4,2,1,2,1,5
191,2,2,4,1,1,3,4,2,5,1,3,2,3,3,5,2,5,4,4,5,2,2,1,5,4
192,1,4,1,1,1,2,5,1,5,2,3,4,5,5,3,1,4,3,2,1,1,1,5,2,3
193,1,1,5,4,4,1,5,1,3,4,4,1,3,5,5,5,4,2,1,3,5,3,4,2,2
194,4,4,1,1,3,3,2,2,1,2,5,5,5,3,2,4,2,4,5,3,5,3,2,1,3
195,4,3,5,5,2,3,2,2,4,1,3,4,3,1,5,4,2,2,5,3,2,2,1,4,2
196,5,3,4,5,1,4,3,4,1,1,5,2,5,3,1,4,5,5,4,1,1,1,1,4,1
197,4,4,1,4,2,1,5,2,1,4,3,1,2,1,2,1,3,4,2,2,5,5,3,5,2
198,2,1,4,2,5,1,2,4,5,5,2,3,1,3,1,3,1,2,5,5,3,3,4,1,1
199,4,3,1,4,3,5,2,2,4,3,3,4,2,2,3,5,1,1,4,4,3,4,2,2,1
200,2,3,3,5,3,1,3,2,3,5,3,5,3,4,3,1,3,1,4,2,5,1,5,4,3
201,3,1,2,3,5,5,5,2,1,3,3,1,3,2,5,5,1,2,3,5,2,4,1,5,2
202,3,5,3,5,2,2,1,2,1,5,3,3,4,3,5,3,5,2,1,1,1,1,2,2,2
203,3,2,2,5,1,5,2,3,2,4,2,4,1,4,3,2,5,2,5,4,4,5,3,4,3
204,4,4,1,5,2,5,3,1,3,5,5,2,4,1,5,3,1,2,2,1,3,5,4,2,3
205,4,4,3,2,4,5,3,3,3,3,2,2,5,1,3,4,1,4,4,5,5,3,1,4,3
206,4,5,4,5,5,2,3,1,3,1,1,1,3,3,4,3,5,1,2,4,3,3,4,4,1
207,3,1,1,1,2,3,1,5,5,3,4,1,3,2,1,4,1,4,5,4,3,5,4,3,5
208,2,1,5,4,2,1,5,2,1,5,3,5,4,5,4,4,2,2,4,2,2,2,5,3,1
209,4,2,2,3,4,1,3,2,2,4,4,3,3,2,4,2,5,5,4,4,3,1,4,2,1
210,5,4,2,4,2,3,3,5,1,1,1,5,4,1,2,4,1,1,1,2,1,2,2,2,2
211,1,5,3,2,1,1,4,2,4,1,5,5,3,1,4,5,3,3,2,1,2,2,1,3,3
212,4,5,1,3,1,3,5,1,4,2,2,4,4,4,3,3,3,3,4,1,2,1,5,4,5
213,2,3,1,2,5,2,3,3,1,1,4,5,2,5,4,2,2,4,4,3,1,3,5,3,2
214,4,5,3,1,3,5,2,2,2,5,2,1,2,1,5,2,2,2,2,5,5,2,1,1,2
215,3,3,5,5,5,2,3,5,3,2,4,3,4,4,4,3,2,2,2,5,2,3,1,4,3
216,1,4,2,2,1,3,5,5,1,3,2,1,5,2,3,3,1,3,2,3,5,3,4,4,3
217,2,4,2,2,5,1,3,1,5,4,5,4,4,2,1,3,1,4,1,2,5,1,4,1,4
218,5,3,1,5,3,5,2,5,2,4,4,3,2,4,1,3,4,1,5,1,2,1,4,4,4
219,4,2,4,2,3,3,4,4,2,4,1,3,5,2,1,4,1,2,4,5,4,1,2,5,1
220,4,4,1,4,2,1,2,2,3,3,4,2,5,5,2,4,4,2,5,2,3,5,2,3,2
221,5,1,1,1,2,2,2,2,2,2,5,3,5,1,1,5,4,5,1,3,2,5,2,1,1
222,5,3,5,2,4,1,4,4,4,4,4,2,1,1,5,2,4,3,4,5,2,3,4,2,5
223,4,1,3,2,2,5,4,2,2,4,4,1,1,1,1,5,4,5,5,1,5,5,2,3,1
224,5,3,4,1,5,5,2,5,1,1,1,4,3,4,3,4,3,1,2,5,1,4,3,5,5
225,5,1,2,2,3,3,1,3,4,4,4,3,3,2,1,2,5,1,1,4,3,4,4,2,3
226,5,5,3,2,3,3,2,5,2,1,2,4,3,5,4,1,3,3,5,3,3,4,5,5,1
227,1,2,2,3,3,4,1,5,5,3,3,3,5,4,1,5,2,2,1,4,3,5,1,2,1
228,5,1,5,3,4,1,4,4,5,5,4,3,5,2,3,5,4,2,3,2,4,4,2,3,1
229,5,5,1,4,2,2,2,4,3,2,2,5,5,1,2,1,1,4,1,1,3,5,1,1,3
230,5,2,5,3,1,1,1,4,5,1,4,3,1,2,1,5,3,2,5,5,5,1,4,1,3
231,4,1,1,5,5,4,5,1,5,5,2,2,2,5,2,4,1,1,4,1,5,3,3,1,2
232,1,2,5,4,2,5,4,2,5,5,4,3,5,4,5,3,3,1,2,3,1,1,4,5,1
233,3,3,4,5,4,5,5,3,4,4,5,4,1,4,4,1,5,4,4,1,5,4,4,2,1
234,5,2,1,4,3,2,1,4,4,1,4,1,3,5,4,1,3,2,4,4,2,5,4,2,4
235,5,4,2,5,5,1,5,5,2,3,2,5,2,3,3,4,5,1,1,2,5,5,1,4,2
236,4,5,5,4,2,1,4,1,2,4,2,2,3,3,4,5,3,2,2,2,1,2,2,2,1
237,3,1,3,4,2,5,5,2,4,5,1,2,5,3,1,2,3,1,5,4,2,3,5,3,3
238,3,1,3,1,3,2,5,3,4,2,5,4,3,1,1,3,1,3,1,2,2,3,2,4,3
239,5,2,4,1,2,3,3,3,1,1,1,4,1,5,5,3,4,2,1,5,2,2,5,3,5
240,5,1,2,2,3,5,2,3,2,2,2,5,2,5,1,1,2,1,1,4,3,1,2,2,1
241,1,2,4,2,2,4,4,5,2,2,4,1,5,5,4,4,4,5,5,1,2,2,1,4,2
242,2,5,1,3,5,3,1,4,1,4,4,1,2,1,2,1,4,4,1,4,3,2,1,2,3
243,1,5,2,3,4,3,2,2,1,3,2,2,1,1,3,2,2,3,5,4,4,3,4,1,5
244,3,1,2,4,1,2,4,1,1,5,2,1,3,2,4,2,3,4,3,5,2,2,3,1,4
245,1,1,2,4,3,4,1,3,4,1,2,1,4,2,1,3,3,3,5,4,2,5,4,3,3
246,2,1,2,4,2,1,4,1,5,5,3,4,3,4,1,3,1,3,5,3,1,3,2,1,4
247,2,5,4,1,5,5,5,2,5,5,3,4,1,1,3,3,1,5,2,5,3,5,2,3,5
248,3,2,1,1,1,1,4,1,5,3,1,3,1,1,1,4,5,2,5,2,3,2,2,5,1
249,2,3,2,4,2,1,5,2,5,5,2,1,4,3,4,1,1,4,3,2,1,4,2,5,5
250,1,1,2,5,2,3,5,3,1,2,3,1,4,2,3,2,4,3,1,1,2,2,3,5,4
251,1,4,2,4,4,1,1,4,4,2,5,3,3,4,3,1,3,5,1,3,2,2,2,1,3
252,2,2,1,1,2,2,2,2,5,4,4,5,4,1,3,4,1,5,1,4,5,3,5,1,2
253,4,5,3,2,2,1,2,5,4,2,1,1,5,5,5,5,5,1,4,5,2,1,5,2,5
254,3,5,5,1,3,4,1,1,3,4,5,4,4,1,2,1,2,4,2,3,5,3,4,4,3
255,3,1,5,1,1,2,1,5,2,1,4,2,1,1,2,4,4,5,3,3,3,4,5,5,4
256,1,1,3,3,4,3,5,2,2,3,3,1,5,3,5,3,3,2,2,2,1,2,3,3,2
257,4,5,4,4,2,1,2,1,1,1,4,3,1,2,4,4,1,2,3,2,1,5,3,5,1
258,3,4,3,5,1,2,2,5,2,1,3,4,4,1,2,3,2,2,1,2,5,1,5,1,3
259,3,5,3,2,2,4,2,4,2,1,4,2,1,3,4,1,2,3,5,1,4,4,1,5,2
260,4,1,2,1,5,2,1,1,5,2,2,1,3,2,2,2,2,5,3,3,2,1,4,3,1
261,4,1,2,3,3,3,4,3,1,1,2,1,2,5,2,4,4,4,4,5,2,2,2,5,3
262,4,2,4,5,4,1,3,2,5,4,5,5,3,4,1,4,3,5,2,5,5,2,2,1,2
263,3,4,5,5,4,1,4,5,3,3,1,2,2,2,1,4,1,5,3,5,5,3,4,1,5
264,4,5,5,5,5,5,1,1,3,5,5,5,4,3,5,3,2,1,2,1,1,1,5,3,4
265,5,4,2,3,4,4,1,5,4,5,4,3,5,1,4,3,5,5,3,5,1,2,3,2,1
266,1,4,3,5,3,3,5,1,5,3,1,3,5,2,2,3,4,5,1,4,3,2,3,2,4
267,2,2,5,4,1,3,2,4,3,3,3,5,3,5,1,1,5,2,1,1,5,5,4,5,1
268,2,4,2,3,1,2,2,2,5,4,1,3,2,2,2,1,4,1,4,3,5,1,5,4,1
269,4,2,1,4,1,5,3,5,4,5,4,3,4,1,5,2,1,2,1,5,4,1,1,3,2
270,1,2,3,5,2,1,4,4,2,1,3,1,4,2,1,1,2,1,3,4,5,5,5,2,2
271,1,2,2,2,4,1,5,1,4,2,2,3,1,2,1,5,3,2,4,5,3,4,1,1,2
272,5,2,1,5,3,3,2,2,3,1,1,4,2,3,2,1,5,5,4,2,4,3,3,2,4
273,3,3,4,1,5,4,4,5,3,5,3,4,4,5,1,3,2,1,2,4,1,4,4,5,5
274,1,2,1,3,4,1,1,1,2,2,3,3,4,5,1,3,1,1,1,1,4,3,2,4,3
275,3,4,5,2,4,3,4,4,4,3,3,2,2,5,5,4,3,4,2,4,5,1,3,4,1
276,5,3,4,3,4,2,5,2,3,2,4,4,3,5,5,4,2,1,5,1,1,2,5,3,1
277,3,5,5,3,3,5,5,4,2,2,2,4,1,3,1,2,2,5,3,2,2,1,4,4,2
278,4,5,2,3,1,2,1,2,3,2,1,3,4,3,4,2,4,5,2,2,4,3,5,4,2
279,2,5,3,3,1,5,3,5,3,4,3,2,5,4,1,1,5,2,3,2,1,5,2,5,2
280,4,1,1,3,1,3,3,2,1,5,1,1,4,1,5,3,5,1,2,4,4,4,2,3,4
281,3,2,1,4,4,1,5,4,2,5,2,5,5,5,1,3,3,1,1,5,3,3,4,2,1
282,1,1,4,3,3,4,2,3,5,5,5,1,1,4,2,5,2,2,5,2,4,2,2,4,4
283,3,1,5,1,1,2,1,1,5,2,1,3,2,4,5,2,3,4,2,5,1,3,4,2,4
284,3,5,1,3,4,3,3,4,2,2,2,1,4,2,4,2,1,1,2,5,1,1,5,1,5
285,5,3,1,4,4,3,4,4,4,5,3,5,4,4,2,2,4,2,3,4,4,5,5,1,5
286,5,1,4,4,5,1,2,1,3,1,2,3,1,5,2,3,5,4,1,1,4,4,2,3,5
287,3,5,1,2,5,2,3,5,2,3,1,2,4,5,1,5,2,2,1,2,5,3,2,2,1
288,5,1,3,2,3,1,3,4,3,1,5,3,1,1,4,2,1,5,5,3,1,5,3,5,5
289,4,1,2,1,4,1,5,4,4,4,1,4,3,5,4,2,2,4,4,3,5,2,1,2,1
290,2,1,3,4,5,3,3,5,3,3,5,5,2,5,1,3,1,3,5,5,4,4,3,1,1
291,5,3,2,5,2,1,5,3,4,2,4,2,2,2,1,4,5,5,1,4,2,1,4,3,1
292,1,4,2,4,3,2,2,1,4,1,2,4,3,5,1,2,4,1,4,3,2,3,4,1,4
293,2,3,5,1,4,4,1,5,1,5,2,1,4,1,2,5,3,4,3,1,2,2,1,4,1
294,3,5,1,3,4,4,2,5,2,3,3,3,2,5,5,4,1,3,5,2,2,1,5,4,5
295,3,4,1,5,3,4,3,2,3,5,2,4,2,1,1,3,2,2,5,3,3,5,2,2,2
296,5,1,5,4,2,3,1,5,4,3,5,2,3,4,5,1,4,4,4,5,2,4,3,3,5
297,4,2,2,3,2,3,5,2,1,2,3,4,4,3,3,4,4,5,1,2,2,4,4,2,3
298,3,3,5,4,4,1,4,4,1,5,1,3,2,1,1,5,5,3,1,2,5,2,4,2,3
299,1,3,1,5,5,5,2,5,5,1,2,5,2,5,2,3,5,5,1,5,3,5,2,3,1
300,4,3,1,5,3,2,2,1,4,3,1,1,4,5,2,1,4,5,4,2,2,4,5,3,1
301,3,3,1,3,1,5,2,1,3,3,4,1,2,1,5,3,1,2,5,1,4,1,4,4,2
302,2,4,1,3,5,4,1,1,5,2,3,4,2,1,2,5,4,3,1,3,2,5,5,2,5
303,1,5,5,4,1,5,5,1,1,4,2,4,2,2,5,3,3,4,4,2,4,4,5,1,5
304,5,4,1,5,5,3,3,4,4,1,4,2,4,2,5,3,4,5,3,4,4,5,2,1,2
305,5,2,2,3,3,5,1,3,5,4,1,5,3,2,1,3,1,4,5,3,2,3,2,3,1
306,2,5,2,1,1,3,5,2,3,1,2,4,5,5,2,1,4,1,1,4,4,3,3,1,3
307,2,4,3,1,4,5,4,2,2,5,2,5,5,2,4,4,5,5,1,1,5,1,2,2,3
308,4,5,3,3,5,5,3,1,4,4,1,5,4,2,3,5,3,3,3,5,3,4,5,1,1
309,3,4,2,1,4,1,2,3,5,3,2,1,4,2,1,1,1,5,3,2,2,2,3,4,3
310,5,2,1,2,2,4,2,4,4,2,5,1,4,4,1,2,3,3,5,1,4,5,5,3,3
311,2,5,1,2,3,2,4,3,1,3,2,2,2,2,4,3,1,1,5,4,2,2,1,1,1
312,4,1,4,3,2,4,2,5,5,1,3,4,2,5,4,3,4,2,2,4,2,4,1,3,3
313,3,5,2,2,5,5,4,5,5,5,4,1,4,3,1,1,2,3,1,4,4,4,2,1,1
314,4,1,1,3,1,3,4,1,4,2,5,1,5,2,2,2,4,2,5,4,4,5,3,3,1
315,3,5,5,4,3,5,4,5,1,3,4,1,1,1,5,1,5,5,4,3,3,5,2,3,5
316,5,4,4,3,3,4,4,1,3,1,5,1,5,1,4,3,1,1,1,3,3,5,2,1,4
317,4,3,3,5,2,3,3,2,1,1,2,1,2,3,2,4,4,5,4,2,4,4,1,2,1
318,2,2,3,4,4,5,2,4,4,1,5,4,4,2,1,4,1,1,5,4,1,2,1,5,3
319,2,1,2,1,1,4,1,1,1,5,4,3,5,4,3,1,5,4,1,3,4,3,4,1,1
320,3,4,5,3,4,2,4,3,4,2,1,4,3,4,2,4,1,2,4,5,3,1,3,1,3
321,4,5,2,2,4,4,3,5,2,2,1,4,1,5,3,4,3,2,3,5,3,1,2,2,3
322,3,4,2,3,4,3,1,3,5,4,5,3,4,3,1,1,1,5,3,2,5,3,1,5,2
323,3,2,5,1,4,5,3,3,5,4,3,3,1,5,2,5,3,4,3,4,4,4,5,4,3
324,1,3,1,5,4,2,4,5,1,5,2,5,3,1,4,4,2,4,2,3,2,5,1,5,1
325,2,4,5,2,2,5,5,3,1,4,4,1,5,4,4,5,5,5,4,3,4,5,3,3,2
326,4,1,2,2,1,1,5,3,1,5,3,2,3,2,5,2,4,5,1,5,5,3,3,2,2
327,2,2,2,3,2,5,2,3,1,3,3,2,5,5,1,1,1,1,5,5,3,1,2,4,3
328,3,3,5,1,5,5,2,1,5,5,5,2,1,3,2,1,1,4,4,5,1,3,1,5,5
329,3,1,4,3,5,2,1,4,4,3,1,3,4,2,3,3,2,5,3,1,1,1,4,5,4
330,4,2,4,2,3,3,3,2,3,3,4,4,1,5,1,3,4,2,1,2,5,3,4,2,5
331,2,3,1,1,3,1,5,5,1,3,1,5,1,2,4,3,3,2,5,3,1,2,4,5,2
332,1,4,5,3,4,4,3,2,1,2,3,2,3,3,2,3,1,2,5,1,3,4,4,1,4
333,2,1,4,2,4,3,3,5,3,5,4,4,1,1,2,4,2,3,5,4,1,2,5,4,2
334,2,4,2,3,1,3,2,2,3,3,1,4,4,1,1,2,5,3,3,5,3,5,5,2,5
335,2,3,3,4,5,5,1,4,1,2,1,1,5,3,4,2,4,2,3,1,4,4,5,3,1
336,1,1,4,1,5,5,3,5,4,4,1,3,5,5,3,3,2,1,4,3,4,5,3,2,5
337,5,5,1,5,1,3,1,4,1,2,5,4,5,3,4,3,2,4,4,2,5,5,1,5,1
338,3,3,4,1,1,5,3,1,4,5,3,1,2,3,3,3,2,3,1,5,5,2,4,4,2
339,5,5,4,1,3,2,2,1,2,3,5,4,3,5,3,3,5,2,3,5,5,1,2,1,2
340,5,4,4,4,5,4,5,3,2,5,1,1,3,5,5,4,3,1,2,3,2,4,4,3,2
341,5,3,5,5,5,3,4,4,3,1,4,5,1,5,3,3,4,5,1,1,1,2,3,4,4
342,1,2,2,5,1,2,4,3,3,4,1,4,2,2,1,2,5,3,3,4,3,2,4,4,3
343,5,4,5,1,4,1,3,3,5,1,3,3,3,4,2,4,4,5,1,3,5,1,3,1,1
344,1,3,2,2,3,1,1,5,2,4,3,5,4,4,3,2,3,3,5,2,5,1,1,5,1
345,3,5,5,1,5,3,4,4,5,5,4,2,4,1,3,2,4,2,5,2,5,2,3,4,2
346,5,5,3,2,4,1,2,4,3,4,3,2,4,4,2,2,4,5,3,1,5,4,5,4,3
347,1,5,4,4,2,3,4,4,2,4,5,4,1,2,4,4,2,4,2,2,1,1,3,1,5
348,3,4,4,1,4,3,3,3,1,4,3,3,5,2,4,1,1,3,2,3,3,4,3,5,2
349,2,3,5,4,4,3,3,2,2,3,3,1,2,3,3,4,4,5,1,1,5,1,4,2,2
350,1,3,4,3,3,2,2,5,2,3,4,1,2,2,2,4,3,3,2,4,4,2,2,5,4
351,4,1,3,2,5,4,2,1,4,5,5,4,2,4,1,2,4,4,4,5,3,4,1,4,3
352,2,1,5,4,3,1,1,1,5,3,1,2,4,1,4,5,5,4,4,1,2,1,1,1,5
353,2,2,3,2,1,2,1,4,1,4,2,1,1,2,4,2,5,1,1,2,1,3,2,3,3
354,1,1,2,2,5,2,5,2,1,3,5,2,5,1,4,3,5,5,4,4,5,2,3,3,3
355,3,3,5,4,1,3,2,2,2,1,3,3,5,3,3,2,1,2,2,5,5,2,5,1,2
356,3,2,5,2,1,5,5,3,4,2,3,1,3,4,4,4,3,4,5,3,3,3,3,5,5
357,2,2,4,3,5,5,3,1,3,5,1,3,5,4,2,4,2,4,2,4,4,4,4,5,5
358,5,4,5,3,1,4,2,4,3,1,5,3,2,4,1,2,4,1,4,2,5,4,5,2,3
359,4,3,4,2,1,4,3,1,2,1,2,5,4,2,4,3,3,4,2,4,3,3,2,4,1
360,1,2,1,1,2,4,2,4,3,4,2,3,3,1,4,5,4,3,2,5,1,5,1,1,4
361,4,3,2,1,1,4,1,2,1,3,3,5,3,1,5,5,5,2,3,1,3,5,2,1,2
362,3,1,3,5,3,1,4,4,5,1,2,1,1,2,3,2,3,4,2,3,4,3,1,1,1
363,5,5,2,3,2,4,5,4,2,5,1,5,1,1,3,5,1,3,4,1,4,3,1,3,4
364,2,1,4,5,5,5,1,1,1,4,3,3,4,5,2,3,5,1,3,5,2,4,1,3,1
365,5,5,2,4,5,2,3,3,2,4,3,2,5,4,1,4,5,5,4,3,1,3,5,3,4
366,2,1,4,2,4,3,4,1,4,1,1,5,2,1,2,2,4,2,4,4,4,2,3,3,4
367,1,5,4,1,2,2,1,3,1,5,4,4,1,4,3,1,3,3,3,1,4,4,4,3,2
368,3,4,1,5,4,5,3,4,5,5,1,5,2,2,3,4,3,4,1,1,4,2,3,5,4
369,1,5,1,1,1,2,2,5,5,3,3,1,5,1,2,2,1,1,1,1,3,1,4,5,3
370,1,1,4,5,3,2,5,5,4,4,3,2,2,4,3,4,5,2,3,1,2,5,5,2,1
371,4,4,1,4,4,2,3,3,2,4,2,5,3,2,5,3,5,3,3,2,2,2,3,4,5
372,2,5,1,2,4,2,4,4,4,4,1,5,3,4,2,4,4,4,2,3,2,3,4,5,4
373,3,2,4,4,5,5,5,3,3,1,4,3,1,4,1,4,1,3,3,2,5,4,1,4,3
374,5,4,3,3,1,3,4,4,5,5,4,2,1,3,5,4,5,3,4,2,3,4,4,3,3
375,3,4,3,1,5,4,2,5,5,2,2,1,2,2,2,1,1,4,3,5,3,4,5,3,1
376,4,2,5,1,5,2,1,3,3,1,5,3,4,1,3,3,1,2,1,2,4,2,3,4,3
377,4,1,3,3,4,5,1,1,5,5,5,2,4,4,5,2,3,4,1,5,2,4,4,2,3
378,1,3,3,3,1,3,5,3,3,5,3,1,5,2,4,3,3,4,3,4,1,1,1,1,3
379,2,5,1,5,2,1,5,4,4,1,4,5,2,2,2,2,5,2,2,2,2,2,1,5,2
380,5,4,4,2,1,4,4,4,5,4,1,1,4,4,2,3,2,1,3,5,5,3,4,2,5
381,5,4,3,5,1,2,5,4,4,2,5,2,3,3,1,2,1,4,5,2,3,4,2,5,1
382,5,2,3,5,3,3,4,1,2,2,5,3,3,5,4,1,5,5,3,1,4,4,5,1,5
383,2,2,5,4,5,3,2,4,1,4,4,4,1,4,1,4,1,2,4,3,5,4,4,3,3
384,5,2,4,4,1,2,3,4,2,5,2,5,1,2,1,1,4,4,1,4,5,4,1,5,3
385,5,5,3,2,5,4,3,1,4,3,2,3,3,5,4,3,3,4,4,3,5,2,2,1,2
386,2,3,5,5,3,2,4,3,2,3,2,2,2,1,1,4,4,1,3,3,1,3,2,2,5
387,1,4,3,2,2,3,1,2,1,4,2,4,5,3,3,2,5,5,2,1,2,2,2,5,3
388,3,1,5,5,2,2,3,5,2,3,1,2,1,1,5,2,3,1,4,2,4,5,4,3,5
389,3,3,2,3,4,3,1,4,1,3,3,4,4,1,3,4,5,4,1,4,1,4,2,2,4
390,4,5,3,4,2,1,1,2,4,2,5,1,2,2,3,5,5,1,2,1,5,4,3,3,4
391,2,4,2,2,4,5,2,2,3,3,5,3,3,2,5,1,2,5,3,5,2,5,3,1,5
392,4,4,2,1,3,1,1,1,4,1,2,1,5,4,3,1,5,1,1,2,2,4,4,3,1
393,2,4,1,3,5,5,3,3,4,1,2,2,2,3,2,5,1,2,3,2,4,5,1,3,3
394,4,1,5,1,4,2,4,2,1,2,1,4,1,4,1,5,5,1,5,3,2,3,4,2,5
395,2,1,1,2,5,5,1,1,2,5,1,5,4,5,5,3,1,1,5,5,5,3,5,5,5
396,3,1,4,4,3,4,1,2,4,1,2,4,5,5,4,4,1,4,5,2,5,3,5,2,1
397,1,1,3,1,1,5,3,1,5,4,1,5,2,5,4,5,4,2,3,1,3,5,2,2,2
398,3,2,2,5,1,4,4,2,4,2,1,3,1,4,3,1,4,4,5,3,4,3,1,5,3
399,4,4,1,3,1,2,1,2,2,4,4,1,1,1,5,3,1,3,3,4,3,2,3,4,4
400,4,2,5,5,5,5,1,5,2,2,2,2,4,5,1,5,3,2,4,1,2,1,1,3,4
401,3,5,1,4,1,2,3,1,1,2,2,1,2,2,3,3,5,4,2,2,5,5,2,2,4
402,1,5,1,1,3,5,3,1,2,3,3,5,1,2,2,2,3,4,5,1,2,1,5,5,3
403,4,4,1,4,3,4,4,3,4,4,2,5,1,5,4,4,2,5,2,5,4,4,3,1,2
404,3,4,1,3,3,3,1,4,1,4,1,3,4,1,3,2,5,2,5,1,2,3,2,2,2
405,2,1,3,3,3,3,2,5,5,4,1,4,3,4,3,3,2,5,5,4,2,5,3,1,2
406,3,4,1,3,2,4,2,5,2,5,4,2,4,2,2,3,3,1,1,1,1,3,3,3,1
407,3,2,2,2,5,4,1,4,4,2,3,5,5,4,1,1,3,4,5,3,2,2,3,2,2
408,2,2,3,1,1,3,4,3,5,5,3,1,2,4,3,5,1,3,3,4,1,3,2,1,1
409,2,5,3,1,4,3,1,3,5,5,1,2,3,1,1,3,2,2,5,4,5,2,5,1,4
410,2,1,4,4,4,1,5,3,5,5,3,2,4,4,5,2,5,2,1,1,1,5,4,2,1
411,5,3,4,2,5,1,4,4,1,1,2,1,3,5,2,5,4,2,4,5,4,3,1,2,4
412,2,4,2,4,1,4,5,1,1,3,3,5,4,3,2,4,2,1,4,2,4,2,2,1,2
413,1,4,1,4,5,5,3,3,4,3,4,1,3,5,4,4,5,5,4,5,3,5,4,2,4
414,1,5,5,1,5,4,1,3,5,1,2,4,2,2,4,3,4,1,3,3,2,3,4,4,4
415,1,2,4,1,3,1,5,1,5,2,5,4,3,5,2,3,5,5,1,3,4,2,5,5,1
416,2,4,1,4,4,3,4,5,3,1,2,5,1,4,2,3,3,1,2,3,2,2,5,3,4
417,1,3,4,5,5,5,5,4,4,2,4,1,3,5,2,1,4,3,3,1,1,4,5,1,2
418,4,1,1,4,3,2,1,2,4,5,4,1,4,3,4,4,4,1,1,3,2,1,4,4,5
419,1,5,4,4,1,3,1,5,1,3,2,3,2,3,1,1,3,1,2,2,2,5,1,1,5
420,3,2,2,4,5,1,3,3,1,5,2,3,4,1,2,5,5,5,2,3,4,3,5,5,2
421,3,1,2,4,4,3,1,1,5,1,5,4,5,1,2,3,2,3,4,5,1,3,3,4,2
422,5,1,4,4,3,5,3,2,4,4,2,4,5,3,1,1,2,2,4,2,3,1,5,5,5
423,4,5,2,5,1,2,5,1,3,2,3,5,1,1,2,5,5,4,5,2,1,1,1,4,2
424,3,5,1,1,4,2,2,5,3,2,1,2,3,2,1,3,3,4,5,1,3,1,4,1,2
425,5,4,1,1,4,3,5,4,3,1,2,2,3,4,5,1,1,4,2,5,1,3,4,1,4
426,3,5,5,5,2,5,3,5,1,1,4,1,2,3,4,4,1,4,4,2,3,3,5,2,3
427,4,2,3,1,1,1,3,5,4,2,1,3,1,1,3,4,3,4,3,5,2,3,3,1,2
428,4,4,4,5,2,1,4,5,3,4,4,3,5,1,1,4,5,4,1,2,3,2,3,5,2
429,4,5,4,3,3,4,3,1,5,3,2,1,4,1,4,5,1,1,4,4,5,2,3,2,3
430,1,1,5,2,4,2,3,1,2,1,1,4,5,3,4,5,1,1,1,5,1,2,3,5,4
431,2,2,4,4,3,2,1,4,4,4,2,5,3,4,5,1,1,2,5,2,4,4,4,4,4
432,4,5,3,4,1,3,2,2,1,5,3,2,4,1,1,1,4,5,3,2,3,3,2,1,3
433,5,4,3,3,1,1,4,3,4,5,5,5,4,5,1,5,4,2,4,4,2,1,5,3,3
434,5,4,4,4,4,2,5,3,2,3,4,4,1,2,1,4,1,4,3,3,5,2,5,2,1
435,3,4,5,4,3,2,1,2,1,3,1,2,5,2,2,4,1,2,3,5,4,3,1,2,1
436,4,4,3,3,5,1,3,3,4,5,5,1,4,2,3,1,5,4,2,4,3,2,3,3,1
437,2,5,1,2,5,3,1,1,2,1,5,5,3,2,2,5,5,1,4,5,5,3,1,5,4
438,5,4,1,5,3,1,4,5,5,2,2,4,4,2,3,1,5,3,3,1,4,4,4,2,1
439,3,4,2,5,2,5,2,2,5,5,3,5,3,4,3,3,4,3,2,5,1,3,2,2,4
440,2,5,3,3,5,3,1,5,2,4,3,3,5,1,5,3,3,1,1,3,1,1,5,4,5
441,1,4,5,1,2,4,5,3,4,1,4,3,4,3,5,3,2,4,3,1,2,5,4,4,5
442,1,5,4,1,5,5,2,3,5,3,1,3,3,3,3,4,4,3,1,2,4,3,1,4,4
443,5,3,4,1,3,4,1,2,2,4,4,2,3,1,5,2,1,5,1,1,4,2,4,1,2
444,2,3,5,2,1,1,1,4,2,5,1,4,4,4,5,2,2,2,3,3,4,2,3,5,5
445,2,5,1,4,2,2,2,3,2,3,5,5,3,3,1,5,3,2,1,2,1,4,3,5,4
446,4,2,2,1,5,3,5,2,1,4,2,4,3,1,1,2,4,1,5,2,1,4,1,5,5
447,4,1,3,1,2,5,4,5,4,4,5,5,3,1,3,4,4,4,4,2,5,3,4,4,5
448,4,3,3,4,2,3,4,1,4,1,2,2,3,1,1,4,4,3,4,2,3,4,3,3,3
449,1,1,2,4,1,4,1,1,1,3,3,5,5,3,1,3,5,2,1,3,1,4,5,5,3
450,4,5,2,4,3,2,5,5,4,5,2,2,1,1,4,3,3,1,1,4,1,2,2,3,4
451,4,5,4,5,3,4,5,4,3,5,3,3,4,4,3,5,2,1,4,2,5,1,4,2,4
452,4,4,5,1,1,4,2,3,2,3,2,2,5,5,1,4,3,2,2,3,4,3,2,4,4
453,3,2,4,4,3,3,2,5,3,2,5,3,3,5,3,4,2,4,4,5,3,3,2,1,1
454,3,4,4,4,4,1,4,5,4,1,4,4,4,4,3,5,5,1,5,3,3,5,3,2,3
455,2,2,5,3,4,5,1,4,4,5,3,1,4,4,2,2,2,4,2,3,1,4,5,1,2
456,5,1,1,2,1,2,4,3,3,5,5,3,2,5,4,2,5,5,4,1,2,2,3,1,3
457,5,5,1,2,5,4,1,5,5,2,4,5,1,4,3,3,5,2,4,2,3,5,4,1,4
458,5,4,4,1,4,2,4,1,1,4,3,2,4,3,2,3,4,2,5,2,2,3,5,5,3
459,1,2,2,1,3,5,1,3,5,5,5,4,5,3,3,2,5,5,2,2,3,4,2,4,2
460,1,5,2,3,5,3,2,5,2,5,2,1,2,4,5,1,4,4,2,4,2,1,4,4,4
461,1,5,5,4,1,1,4,3,3,3,1,4,2,5,1,3,2,2,3,1,2,4,4,4,3
462,1,2,1,4,5,2,5,2,5,3,5,1,3,1,1,5,4,4,4,3,3,3,2,5,1
463,5,2,1,2,4,5,4,4,3,4,1,1,5,3,2,2,2,1,1,1,5,3,4,5,4
464,3,1,1,4,1,1,3,4,4,1,5,5,3,4,1,5,1,3,5,5,5,4,1,1,4
465,1,4,1,1,3,5,5,2,3,3,3,2,5,3,2,1,2,1,3,3,1,3,2,5,3
466,1,4,5,3,5,4,2,4,2,5,1,4,5,3,3,2,5,5,1,5,4,3,4,1,2
467,5,4,3,4,1,4,1,4,3,3,3,1,2,4,4,2,5,5,1,3,2,4,1,5,2
468,4,2,4,4,5,4,1,3,2,1,3,4,2,3,5,3,3,5,3,3,2,1,4,5,2
469,2,4,4,1,3,2,5,4,1,3,1,4,4,3,3,1,5,1,3,5,2,4,5,2,2
470,2,4,3,4,1,4,3,2,5,4,3,1,1,3,5,4,2,5,4,3,5,3,5,2,2
471,4,1,4,1,4,5,1,2,2,1,1,4,2,1,1,1,2,1,1,2,3,3,1,4,1
472,2,1,4,3,3,4,3,3,1,2,3,4,1,2,5,3,4,2,1,3,5,5,4,2,5
473,3,2,5,1,4,3,2,5,3,4,1,1,5,2,4,2,1,3,5,5,1,3,1,4,5
474,1,3,5,4,1,4,1,4,5,3,1,2,2,3,2,4,2,5,3,3,5,2,4,1,2
475,2,1,1,3,3,4,5,2,4,1,3,4,2,1,3,5,2,3,4,5,3,3,3,2,1
476,5,5,1,3,4,5,3,2,1,5,2,2,1,5,4,4,3,5,2,1,5,4,2,4,5
477,4,2,3,2,5,2,2,3,4,5,2,3,3,1,4,3,2,4,3,2,5,1,5,1,1
478,4,2,1,3,2,2,2,4,4,5,5,1,5,1,3,3,1,4,3,1,3,2,2,2,3
479,1,2,4,3,1,2,3,5,3,2,3,4,4,1,1,3,2,2,4,2,5,3,5,4,5
480,1,5,5,5,1,1,2,1,1,2,2,2,3,5,1,1,5,5,1,2,2,4,4,2,5
481,3,1,3,3,2,3,1,5,5,1,4,4,4,5,3,5,1,4,5,2,1,5,1,4,1
482,3,2,1,2,3,4,2,1,5,3,3,5,5,4,5,4,5,2,3,1,5,3,3,4,4
483,3,1,2,2,3,3,1,5,1,2,2,1,4,4,1,3,1,5,3,5,4,5,3,5,3
484,5,4,4,3,4,5,4,1,3,2,3,1,2,3,3,4,4,5,4,3,3,2,2,2,2
485,2,4,3,2,2,2,1,1,3,5,5,5,4,5,5,5,4,4,4,2,3,3,5,4,3
486,1,2,3,2,1,2,5,2,2,2,3,3,1,5,3,4,5,2,4,5,1,1,2,3,3
487,1,1,3,5,3,1,3,1,1,1,5,3,5,2,5,4,1,3,3,2,4,2,1,2,1
488,2,5,4,1,3,4,3,5,2,5,1,3,4,4,5,3,3,4,2,1,4,5,4,4,2
489,2,2,5,4,2,3,1,5,4,5,4,2,1,3,3,1,4,1,1,2,5,2,2,4,3
490,4,5,4,5,3,5,5,3,3,1,1,2,4,1,1,5,1,5,3,5,1,5,4,1,5
491,2,3,1,4,2,1,4,5,5,2,1,4,5,3,4,5,4,3,4,2,1,2,5,3,4
492,2,2,5,5,2,4,4,2,5,3,2,2,3,2,1,3,2,3,5,4,5,2,1,3,2
493,2,4,5,2,3,3,4,2,1,1,2,4,3,2,3,3,1,2,4,4,4,2,3,3,2
494,1,1,1,2,1,2,3,4,5,2,3,4,3,5,4,4,3,5,5,3,3,3,1,4,5
495,3,3,5,3,5,5,4,1,4,3,3,4,5,3,1,2,5,3,3,4,3,1,3,5,2
496,5,1,2,2,5,5,3,5,1,1,3,4,3,4,4,2,1,5,2,2,3,4,2,3,5
497,5,2,4,4,1,5,4,5,5,1,3,5,4,2,3,4,4,3,1,2,5,4,1,4,4
498,4,4,1,5,2,4,1,5,1,2,4,4,5,2,4,4,2,5,5,2,1,4,4,4,1
499,3,2,5,5,3,2,3,1,5,1,2,3,1,4,1,2,1,4,3,1,3,2,5,3,4
500,2,3,5,5,1,3,1,3,5,5,1,1,5,4,1,5,1,1,2,3,1,2,2,4,4
501,2,2,4,5,4,5,5,4,5,4,4,2,3,2,1,3,4,3,5,3,4,2,2,3,3
502,1,3,4,3,1,4,1,2,5,4,2,5,4,3,5,3,4,5,5,3,4,3,4,2,5
503,1,2,2,2,4,5,5,5,3,4,2,3,2,4,3,2,2,3,2,4,5,4,5,4,5
504,4,1,4,5,5,4,5,2,2,4,3,3,3,2,1,5,1,4,4,5,4,2,1,2,1
505,1,1,3,2,2,5,5,2,1,5,5,2,3,5,3,4,5,3,2,5,2,1,5,2,2
506,3,1,4,4,2,3,3,4,4,3,2,4,4,1,3,5,5,4,5,2,5,3,1,5,2
507,3,1,4,5,1,5,1,4,1,2,5,2,4,3,3,2,4,5,2,4,1,2,4,3,3
508,1,1,5,2,2,5,4,1,5,1,2,2,2,4,1,4,1,4,2,4,5,5,5,2,3
509,2,1,1,1,4,2,4,2,4,2,5,3,3,5,2,1,4,4,5,5,5,5,5,4,1
510,2,2,2,2,1,5,5,2,4,2,5,5,5,1,3,4,4,1,1,1,2,1,3,5,4
511,3,3,2,4,1,3,3,3,1,2,5,5,4,1,3,4,3,3,1,5,2,5,3,2,3
512,1,2,2,5,5,3,2,2,1,2,1,5,1,5,1,2,2,4,5,3,4,4,4,2,1
513,2,3,4,3,3,1,4,1,2,3,2,3,1,3,5,4,2,1,2,3,4,1,4,5,1
514,2,3,3,5,1,1,3,4,3,2,1,4,4,1,2,5,5,3,3,5,3,3,1,5,3
515,5,3,3,5,4,2,5,1,4,5,4,5,5,4,4,5,5,3,3,3,1,5,4,1,5
516,4,2,2,5,1,5,4,5,4,5,4,2,5,3,5,1,1,4,4,2,5,5,5,2,2
517,5,3,5,2,1,3,4,1,3,1,1,2,4,2,4,1,1,4,2,4,3,4,3,3,3
518,2,2,3,1,5,4,3,4,4,5,2,4,2,4,2,4,2,2,1,2,4,3,5,1,4
519,4,3,1,5,4,4,2,3,5,2,1,5,4,5,5,5,1,5,4,3,1,3,1,2,2
520,5,4,4,5,2,4,4,4,1,2,4,2,3,3,1,1,3,5,2,2,4,1,1,1,3
521,1,4,5,2,1,5,5,5,1,4,4,4,4,1,5,4,3,3,3,4,5,2,5,1,5
522,2,3,3,5,3,5,1,4,3,2,3,3,3,5,2,4,3,2,2,2,3,5,2,2,2
523,4,2,5,1,5,1,2,5,4,5,2,3,5,4,3,2,2,5,5,3,4,3,1,5,5
524,2,3,4,3,3,5,1,2,2,5,4,4,1,1,4,2,3,3,5,3,3,4,5,4,1
525,3,4,4,5,3,3,4,2,2,1,5,4,4,2,3,1,4,4,5,4,3,3,1,1,3
526,5,5,4,2,2,2,3,4,5,2,3,3,5,3,1,4,5,3,5,3,1,3,5,5,3
527,3,5,1,3,1,2,1,4,1,3,3,4,5,2,1,1,5,2,5,5,3,2,4,4,1
528,2,4,5,3,5,5,1,5,1,4,3,5,4,2,5,5,1,2,1,3,4,3,2,5,3
529,4,5,4,2,3,4,5,4,4,5,3,3,2,1,2,5,4,4,3,2,1,4,2,5,4
530,5,2,4,5,2,4,1,2,2,5,1,5,1,2,2,1,2,1,1,1,1,1,3,3,5
531,4,4,1,3,1,1,5,2,5,2,4,4,5,1,2,4,1,4,4,3,2,5,4,4,5
532,1,2,2,1,1,1,1,4,5,3,3,5,5,2,4,3,1,2,3,1,5,5,3,5,2
533,5,1,4,3,3,4,4,5,2,5,5,3,3,1,1,2,2,3,3,2,4,2,5,1,2
534,2,1,2,1,3,5,1,2,5,3,1,2,2,4,2,5,3,1,4,3,3,5,2,4,2
535,5,5,1,1,3,2,3,2,2,5,2,2,5,1,3,4,2,5,1,1,5,2,1,2,3
536,3,3,2,5,5,1,4,3,4,1,3,1,2,3,3,4,5,5,1,2,5,4,3,5,4
537,4,3,4,4,2,4,5,2,5,4,1,2,5,4,1,3,3,2,5,2,3,1,2,2,2
538,1,5,4,2,1,4,2,3,3,1,3,2,2,2,3,2,3,5,5,4,4,4,5,1,1
539,4,2,1,4,2,5,1,1,1,5,4,2,2,4,3,3,5,3,2,4,4,5,4,5,1
540,4,2,3,2,1,2,1,3,2,2,3,3,4,4,5,3,2,3,4,4,5,2,4,5,4
541,4,3,3,4,3,5,3,1,2,3,3,1,1,1,3,4,1,2,2,3,3,2,2,3,2
542,4,2,3,1,1,3,5,1,1,2,3,5,4,4,4,5,4,1,3,1,1,5,5,5,3
543,2,1,3,5,1,3,3,5,4,1,4,1,2,4,3,4,3,4,1,2,2,5,2,4,4
544,1,5,5,3,4,1,5,5,1,2,3,5,1,1,2,3,5,4,4,5,2,1,3,3,3
545,3,1,4,2,2,2,2,5,5,3,1,1,4,5,4,5,5,2,1,4,1,4,3,2,4
546,5,1,2,4,3,3,3,3,4,3,5,5,5,2,3,5,3,3,2,3,2,5,4,2,2
547,1,2,3,2,1,3,4,2,5,4,1,5,3,3,3,3,3,5,3,3,5,4,1,4,3
548,1,3,1,2,1,4,2,5,2,1,1,1,4,3,1,5,3,3,2,4,5,2,3,4,5
549,4,3,1,2,2,3,3,1,3,3,3,4,2,2,3,2,5,2,4,3,4,3,1,4,3
550,2,1,4,1,3,1,4,3,3,3,1,2,1,1,1,2,4,5,4,3,3,1,2,5,5
551,5,4,3,2,4,3,3,4,3,2,2,3,1,2,3,1,2,3,1,1,5,5,3,2,2
552,1,3,2,1,3,1,1,1,1,5,2,2,5,3,1,1,2,5,4,5,2,3,2,2,3
553,1,4,3,1,2,2,1,3,2,2,2,4,4,3,2,4,2,1,1,2,3,3,2,4,5
554,4,3,2,5,1,5,2,1,4,5,5,2,5,5,3,4,4,4,3,5,5,5,1,3,1
555,1,4,3,5,1,3,1,1,3,1,2,2,3,3,1,4,3,5,1,5,2,4,1,2,2
556,3,5,3,2,4,3,3,4,4,2,3,3,1,4,2,3,4,3,5,3,4,1,1,1,1
557,4,4,1,2,5,5,5,2,5,5,5,1,2,1,4,1,4,2,3,1,1,3,3,1,2
558,4,5,5,1,3,3,4,1,3,1,5,5,4,4,4,2,2,1,2,1,1,3,4,1,4
559,2,1,3,1,3,2,5,5,3,3,3,3,4,4,3,1,5,1,2,3,3,2,2,3,2
560,1,1,1,1,5,5,5,4,5,3,3,3,3,3,2,1,4,1,3,5,2,1,5,1,2
561,3,1,3,5,1,3,5,3,3,4,4,2,2,4,5,2,1,4,5,5,3,1,1,2,1
562,3,1,3,3,4,2,2,4,4,5,5,2,2,1,3,4,4,4,4,3,3,3,1,1,4
563,1,3,5,2,2,1,1,1,4,4,1,4,5,4,5,2,5,2,3,4,1,3,4,1,2
564,1,2,4,4,4,2,5,1,1,1,2,1,4,2,2,5,2,4,4,2,4,2,1,5,2
565,1,2,1,5,5,1,5,3,2,5,1,5,1,1,5,5,4,5,2,3,1,4,2,5,1
566,1,4,5,1,2,2,4,1,2,4,3,5,2,5,3,5,5,3,1,4,1,1,5,3,1
567,2,2,2,5,2,3,1,2,4,5,4,5,1,1,2,5,2,5,2,4,2,1,2,5,2
568,2,1,2,2,4,1,2,1,2,5,4,3,4,5,1,2,4,3,2,3,5,5,2,4,4
569,5,2,1,3,5,2,2,4,2,2,5,3,1,1,4,5,3,5,2,5,3,3,4,1,4
570,5,4,5,1,3,3,3,1,2,4,3,1,5,1,1,5,4,1,2,4,1,5,1,5,1
571,3,3,5,2,2,5,4,3,3,4,2,1,5,1,5,4,5,5,2,1,5,5,1,4,1
572,4,4,2,5,1,1,2,4,2,4,5,2,5,2,2,2,1,1,1,2,3,5,3,3,4
573,5,2,5,2,5,4,1,3,2,1,1,1,4,1,5,1,3,2,2,4,2,5,1,5,5
574,2,4,3,3,5,3,5,4,3,5,2,1,3,2,2,1,5,3,5,2,3,4,2,2,3
575,5,3,3,3,4,4,1,3,1,3,5,1,2,4,2,2,3,3,5,3,4,4,4,4,3
576,3,1,5,5,4,2,2,5,1,5,3,5,1,2,5,1,1,3,3,2,4,5,1,1,1
577,3,3,5,4,4,4,5,1,4,2,2,2,3,1,3,4,1,3,3,2,2,4,3,4,1
578,1,2,3,1,2,3,5,4,4,5,1,1,3,5,4,3,5,1,4,3,3,4,3,3,1
579,1,1,4,3,5,1,1,3,3,5,5,2,2,2,2,4,5,2,4,2,1,3,4,1,2
580,2,4,5,5,5,2,4,5,3,2,4,1,1,5,2,1,5,4,4,1,1,2,3,5,1
581,2,3,3,4,4,1,5,4,4,4,2,3,4,4,1,2,1,4,3,4,4,4,2,5,3
582,1,5,3,3,2,1,3,1,2,4,2,3,3,3,3,5,3,1,4,4,5,4,5,5,4
583,4,4,1,2,5,1,3,1,1,3,2,1,2,5,3,4,2,2,1,3,5,3,1,3,1
584,5,2,1,4,4,4,1,4,3,3,4,2,3,2,2,5,2,5,5,1,4,5,3,4,3
585,1,4,5,5,1,4,1,4,2,3,4,2,1,5,4,2,1,2,2,1,1,1,2,4,3
586,1,5,3,4,1,3,3,1,3,4,5,4,3,1,4,5,4,4,5,5,1,2,1,3,4
587,2,5,2,1,2,1,2,5,1,5,5,3,4,3,2,4,3,5,3,5,5,1,4,4,2
588,2,5,2,1,5,5,2,4,1,5,3,2,4,1,2,5,2,4,1,2,4,2,2,3,2
589,1,5,1,2,2,1,4,4,3,3,2,2,1,4,5,4,5,3,3,2,2,5,5,3,2
590,3,1,5,5,1,2,3,5,5,5,1,1,3,1,5,4,1,5,4,1,1,1,3,2,4
591,3,2,1,1,5,4,2,1,1,4,1,5,5,5,3,1,2,1,3,4,4,1,1,2,3
592,3,4,4,4,2,1,3,2,3,2,4,4,2,2,1,1,4,2,2,3,3,4,5,5,1
593,1,2,5,2,3,3,3,3,2,5,4,1,2,2,5,5,3,4,3,4,4,1,1,3,2
594,2,5,2,2,3,3,2,4,5,5,5,1,4,5,1,2,4,4,2,2,2,5,2,3,5
595,4,4,4,2,4,1,2,5,2,2,2,2,1,4,5,1,2,5,3,5,1,1,4,2,2
596,1,2,2,2,3,1,4,4,5,1,4,5,5,1,1,5,5,3,3,1,4,3,4,3,3
597,3,5,5,1,3,5,3,5,3,2,5,5,5,3,3,1,1,2,5,3,5,4,2,5,5
598,3,1,3,4,4,2,5,4,3,2,5,1,4,1,2,2,2,1,1,3,2,1,1,2,2
599,1,2,1,3,3,4,4,3,2,3,3,4,3,5,3,5,4,2,2,5,5,5,5,1,4
600,5,4,4,5,1,2,1,4,5,1,5,3,3,2,3,2,1,5,2,5,4,4,5,4,2
601,5,1,3,4,3,2,2,5,4,1,2,5,5,1,5,4,3,2,1,1,3,4,5,1,3
602,2,2,5,1,2,3,5,5,3,4,4,5,4,1,5,4,2,5,1,1,5,3,5,4,4
603,1,1,2,2,4,4,5,5,5,2,4,2,1,1,3,1,4,3,5,1,4,4,1,4,5
604,5,3,1,2,3,4,5,1,5,3,4,3,4,3,2,2,2,4,1,1,4,5,3,5,3
605,1,4,4,4,2,3,3,5,2,3,4,1,5,1,1,3,4,4,3,1,3,5,4,1,5
606,1,2,3,5,3,2,3,5,1,2,5,1,3,2,1,5,2,3,5,5,1,4,2,3,2
607,1,2,3,5,2,5,2,5,4,3,2,2,1,4,2,1,5,4,5,1,4,1,5,3,5
608,4,4,3,1,4,2,3,1,5,2,2,4,4,1,3,3,5,5,5,5,3,3,5,2,2
609,2,4,3,5,2,4,1,4,3,3,1,2,1,2,3,4,1,5,1,1,4,5,1,1,1
610,4,5,4,2,4,1,3,2,5,3,3,3,2,5,3,1,4,2,4,2,5,1,3,1,2
611,5,4,2,5,1,4,2,2,1,4,4,5,3,4,4,3,2,2,2,3,3,4,4,1,4
612,5,2,2,2,4,3,1,4,5,3,5,5,4,2,4,3,4,5,3,1,1,4,5,1,4
613,5,5,5,1,4,2,2,1,4,3,1,4,1,4,4,2,5,1,2,2,5,5,2,2,5
614,4,4,1,4,3,3,2,3,2,2,2,1,1,4,1,4,1,3,2,2,2,1,5,1,3
615,1,2,2,5,5,1,1,1,5,4,3,1,3,2,5,2,3,3,4,1,4,4,5,1,3
616,4,2,1,4,4,1,5,3,1,1,5,3,4,4,5,5,4,5,1,3,3,2,4,4,5
617,1,2,1,2,4,2,1,4,3,1,2,2,5,5,1,5,4,2,3,5,2,5,1,5,4
618,1,3,1,3,5,4,5,3,5,3,3,5,5,2,4,1,3,1,5,4,3,2,4,1,5
619,2,2,5,5,4,3,5,3,2,2,1,1,2,3,1,4,3,1,2,1,3,5,5,2,2
620,5,3,4,5,4,1,5,5,4,1,4,3,1,1,3,5,5,1,4,4,2,1,4,3,4
621,4,2,3,5,3,5,2,2,4,3,4,1,5,2,2,4,4,5,1,3,3,2,3,2,5
622,2,3,1,2,2,1,4,5,3,5,4,3,1,2,2,1,3,3,4,3,5,3,1,1,2
623,5,2,2,4,5,3,3,2,5,4,1,5,3,4,4,2,2,5,1,3,3,4,4,1,5
624,3,4,5,3,3,5,4,5,5,1,5,1,4,2,4,5,3,5,1,4,3,3,4,5,2
625,2,4,4,3,5,5,2,4,2,1,4,2,1,1,1,2,2,4,4,4,1,2,2,3,1
626,5,2,1,2,5,1,4,1,5,4,2,3,3,2,1,2,2,5,5,1,5,3,5,3,2
627,5,4,3,5,5,1,3,1,2,3,3,1,2,3,4,3,1,5,4,4,1,3,5,1,1
628,2,4,5,4,4,2,1,4,4,1,1,3,4,4,3,3,5,4,5,1,2,2,4,1,5
629,2,1,5,3,1,1,5,1,5,4,5,1,2,5,2,3,5,4,3,4,2,3,4,3,4
630,4,3,2,5,5,5,3,5,5,4,4,1,3,5,5,5,4,2,2,3,5,5,3,2,4
631,4,3,1,4,3,4,1,1,2,4,3,1,1,2,2,4,4,3,2,3,4,1,3,1,4
632,1,4,4,2,1,1,5,5,3,5,4,4,2,2,3,2,3,5,3,1,5,1,2,1,3
633,1,5,5,3,3,1,4,1,3,4,3,3,5,5,5,1,3,4,1,3,2,1,2,1,3
634,2,2,1,4,5,2,2,2,3,5,5,3,2,2,4,5,1,3,2,1,4,4,4,5,3
635,1,3,1,4,2,4,1,4,5,4,4,3,2,4,5,5,2,1,2,4,4,2,4,3,5
636,5,5,3,3,3,4,2,3,4,1,1,5,1,4,2,2,4,5,5,2,2,3,3,2,1
637,3,3,4,3,1,2,5,2,1,2,3,2,3,1,1,2,4,1,5,1,3,4,2,4,1
638,3,1,1,1,2,4,5,5,5,4,2,5,4,4,3,1,3,2,1,1,1,1,3,3,1
639,1,1,3,5,1,4,5,2,5,5,3,4,3,2,2,1,2,1,4,3,3,1,3,3,1
640,3,3,2,5,5,3,3,2,4,4,5,2,5,3,2,4,5,3,2,5,3,4,3,5,2
641,5,3,3,2,2,1,4,1,5,2,2,5,1,2,3,1,3,1,5,2,3,4,4,2,2
642,5,5,4,4,3,2,5,1,4,4,1,1,2,4,2,1,1,3,1,4,3,5,5,3,2
643,5,1,3,2,4,5,1,4,4,3,4,3,5,4,5,5,3,1,5,5,4,5,1,1,4
644,1,1,1,2,4,3,3,2,1,1,3,2,3,5,1,2,4,2,5,2,2,4,3,1,3
645,2,3,3,2,5,2,1,3,4,4,3,1,3,4,1,5,2,5,4,2,4,1,1,5,3
646,1,5,4,1,5,3,1,1,4,4,5,3,4,5,2,1,2,5,5,1,1,4,5,5,3
647,1,5,3,5,5,2,1,3,3,3,1,2,1,4,4,5,1,2,5,5,2,2,3,3,2
648,3,3,4,1,5,2,3,4,1,2,4,2,5,4,1,5,4,4,1,1,3,1,3,2,1
649,5,2,1,2,2,4,2,5,4,3,5,4,2,1,4,2,4,3,3,2,1,4,5,4,4
650,2,2,2,3,4,3,2,5,4,5,4,2,1,3,4,2,3,4,5,5,3,1,3,1,3
651,1,2,4,1,4,1,5,1,5,1,4,1,5,5,2,5,5,3,4,4,1,1,2,4,2
652,5,2,1,3,4,1,1,1,2,4,5,5,2,1,5,2,2,5,3,2,3,1,3,4,1
653,3,1,1,3,5,3,5,4,2,2,3,1,2,4,4,2,2,1,3,4,3,3,2,3,2
654,2,3,1,5,4,1,1,4,1,3,3,4,3,3,5,1,1,1,2,2,5,4,1,3,3
655,3,4,3,1,5,1,1,2,4,5,4,2,5,5,5,5,2,5,5,5,4,5,5,4,1
656,4,4,4,3,1,1,2,3,4,5,3,5,3,1,3,3,2,5,2,1,5,1,5,4,3
657,2,3,4,3,3,2,3,2,4,2,4,2,4,3,1,5,5,3,3,1,2,3,5,1,1
658,4,1,1,5,1,1,2,1,5,1,3,2,3,1,2,2,3,5,1,5,3,5,5,3,5
659,3,3,5,3,2,2,3,2,3,2,4,4,5,4,4,5,2,1,1,5,1,1,3,4,5
660,2,4,1,5,3,4,4,4,3,5,5,2,4,2,4,1,1,5,4,3,4,3,1,2,2
661,5,1,2,1,1,3,3,4,1,4,5,5,5,1,1,4,3,3,1,3,1,4,1,3,1
662,4,4,5,2,3,1,4,1,4,1,3,2,3,4,5,3,3,2,3,2,4,5,2,4,5
663,4,3,3,4,4,2,5,3,5,4,2,4,4,4,5,1,3,5,3,3,4,3,2,2,2
664,2,1,1,4,3,4,1,4,3,2,2,1,5,3,1,3,3,3,2,1,1,2,4,2,2
665,1,3,4,2,3,1,5,4,2,3,3,3,5,5,1,4,1,2,2,1,3,1,1,4,5
666,2,1,5,1,2,3,3,5,2,5,2,3,2,2,1,5,5,5,5,1,5,4,5,3,2
667,4,3,4,5,3,1,1,3,2,2,4,3,3,2,2,1,1,5,1,2,5,1,2,5,4
668,1,3,3,2,4,4,5,3,2,4,1,2,4,2,2,3,1,4,1,4,3,1,1,5,4
669,5,4,4,3,1,3,2,1,5,1,1,4,4,4,3,4,1,4,1,1,2,2,4,3,4
670,1,4,4,4,3,5,1,3,2,4,2,5,4,2,1,3,5,3,2,1,4,1,2,5,1
671,5,5,1,3,4,5,5,3,2,1,2,5,3,5,3,3,1,1,2,5,4,3,3,3,2
672,2,1,5,5,2,2,1,1,3,4,5,1,4,5,1,4,5,5,3,5,1,5,2,2,5
673,1,4,5,3,4,1,5,4,2,4,2,2,5,1,5,2,2,1,1,4,4,4,3,3,3
674,4,1,1,5,5,1,5,4,2,5,1,5,2,2,1,3,1,4,1,3,5,4,5,1,5
675,5,3,1,5,5,1,3,3,2,1,2,3,4,3,5,3,3,4,5,3,5,3,5,1,5
676,3,1,3,4,1,5,1,1,3,2,4,5,1,4,5,4,2,1,3,1,3,5,5,1,1
677,4,5,2,2,3,2,2,2,4,4,1,1,4,1,2,3,1,5,1,1,3,2,5,4,5
678,1,5,3,2,4,2,1,5,1,1,2,1,2,5,3,1,2,3,5,1,5,4,2,1,3
679,1,5,3,1,1,4,3,1,5,2,3,3,1,2,4,4,1,2,2,4,1,5,3,1,1
680,4,5,2,3,4,2,5,5,5,1,5,5,1,5,1,1,2,3,1,3,2,1,2,2,4
681,2,5,3,3,3,2,1,4,3,5,1,2,2,5,1,1,5,5,4,1,4,2,5,2,5
682,5,5,5,2,4,3,5,2,3,4,1,5,2,3,5,3,1,5,4,4,4,1,5,3,5
683,1,1,1,2,5,4,1,1,3,3,5,2,3,1,4,1,3,3,3,4,1,3,2,2,5
684,5,3,2,4,2,4,5,5,2,5,4,4,3,1,3,2,4,3,3,3,2,1,5,2,2
685,4,2,1,1,5,2,1,3,2,3,1,1,5,1,4,1,5,2,5,2,4,5,2,1,5
686,5,3,5,2,5,5,1,4,2,1,2,5,2,2,1,3,2,1,3,4,1,1,2,1,5
687,4,3,2,1,4,4,1,1,4,1,2,5,3,3,2,3,2,3,3,4,1,1,2,2,3
688,1,5,1,1,1,3,1,1,4,3,5,5,5,3,4,4,3,4,5,4,5,2,4,3,1
689,2,3,3,2,2,2,2,5,4,3,3,3,2,4,1,3,4,2,4,1,3,5,5,2,3
690,3,3,5,1,2,4,1,5,4,4,3,5,3,2,5,5,3,5,3,2,3,1,4,2,1
691,4,4,2,3,4,4,2,4,2,5,1,4,4,1,2,4,1,3,1,4,4,3,3,3,4
692,5,3,3,3,5,4,4,3,2,1,2,1,3,4,1,1,2,4,1,1,4,4,1,2,5
693,4,3,2,4,1,4,1,1,1,2,4,1,3,4,4,1,3,3,1,4,3,2,3,3,1
694,5,2,4,2,2,5,4,3,2,3,4,2,3,4,4,4,4,3,1,3,3,1,5,5,2
695,2,4,5,5,5,4,3,4,1,3,3,1,3,1,4,3,1,2,4,5,4,5,1,5,2
696,2,5,5,4,3,3,3,2,3,3,5,3,2,4,4,2,4,5,1,5,4,4,5,5,4
697,3,2,2,3,4,5,2,4,2,2,5,3,4,5,2,3,2,3,1,4,2,3,2,4,2
698,3,3,1,5,1,3,1,3,3,2,2,1,5,1,2,3,4,4,1,4,3,5,1,3,4
699,2,1,2,2,2,1,2,5,3,1,2,2,3,4,2,3,3,4,2,1,1,1,2,1,3
700,1,2,3,2,4,5,3,5,2,1,1,5,3,1,3,2,5,1,1,5,4,4,4,1,3
701,4,2,1,3,1,2,2,4,1,4,1,4,4,5,3,4,3,1,2,2,1,3,3,5,5
702,2,5,1,1,3,5,4,2,4,1,3,1,2,1,4,4,4,4,1,2,3,2,3,1,1
703,3,4,1,2,1,4,5,4,2,2,2,1,4,1,5,5,5,2,2,4,2,1,4,5,4
704,1,5,4,3,5,5,1,4,4,1,5,3,3,1,2,1,1,1,1,5,4,3,2,3,3
705,1,4,4,4,5,5,2,3,5,1,5,4,5,1,3,5,5,5,4,5,2,4,2,3,2
706,5,3,1,5,4,1,5,3,4,1,4,1,3,1,2,1,5,1,5,1,4,3,2,3,4
707,4,5,4,1,3,1,5,1,4,3,1,4,2,4,4,4,1,5,3,2,2,3,2,2,2
708,1,2,3,5,4,4,5,3,2,1,5,3,3,1,3,4,5,1,3,2,1,2,3,4,1
709,2,5,2,1,3,1,2,3,4,3,4,4,5,3,5,4,1,4,3,3,2,4,2,5,3
710,2,4,5,4,1,5,5,1,2,1,3,5,1,2,5,2,3,2,1,4,4,4,3,3,5
711,3,5,3,4,5,1,1,4,3,3,1,5,4,1,2,3,4,3,5,2,5,2,1,3,5
712,5,4,3,1,1,1,3,3,2,2,1,4,3,4,4,3,1,1,4,4,2,3,5,2,4
713,4,3,2,4,3,4,3,5,2,1,1,2,1,1,5,2,2,2,4,4,5,2,4,5,4
714,3,5,4,3,1,5,1,4,5,3,1,4,5,1,3,3,3,1,5,2,1,1,1,5,3
715,2,4,4,2,4,2,5,4,5,1,1,2,1,2,4,3,5,4,4,4,5,1,2,3,2
716,5,1,5,3,5,3,5,3,4,5,3,3,2,1,2,2,4,4,4,3,5,5,5,4,4
717,3,4,2,1,3,3,3,1,1,3,3,3,4,5,1,3,1,5,5,1,2,3,2,4,1
718,4,5,2,4,3,1,2,4,2,1,1,1,3,1,5,3,3,1,4,3,5,4,4,5,3
719,3,1,3,2,4,4,5,4,4,2,3,5,5,4,1,1,4,4,5,5,4,1,4,3,3
720,2,5,2,5,1,2,4,5,4,2,3,4,4,1,5,2,1,2,3,3,5,4,1,2,5
721,5,3,5,5,4,4,5,1,2,1,1,2,5,3,3,3,2,4,4,1,5,2,3,2,3
722,4,4,5,4,5,2,2,3,5,4,3,2,4,5,2,1,1,2,1,4,4,5,4,5,4
723,1,2,5,4,5,3,3,3,5,5,4,2,2,5,1,2,2,1,5,2,4,5,5,1,3
724,2,5,2,2,5,2,4,5,2,5,5,3,3,1,4,3,4,5,4,4,5,1,4,5,1
725,2,4,2,4,1,2,1,2,2,5,2,4,2,5,3,4,5,3,3,4,5,4,2,4,1
726,2,2,4,2,5,4,4,2,2,1,3,5,5,2,1,2,5,5,4,5,2,4,2,4,2
727,3,5,3,3,3,4,2,5,1,4,1,2,1,5,3,3,4,3,1,1,1,4,2,5,2
728,2,3,3,5,2,5,2,2,3,1,2,5,2,4,5,2,4,1,3,2,2,4,1,1,2
729,1,2,2,3,5,5,1,5,3,4,3,4,3,2,1,2,1,2,3,1,4,5,5,5,2
730,5,1,5,3,3,4,1,3,4,5,2,3,3,3,4,2,3,3,3,2,4,5,5,1,3
731,2,3,5,3,3,5,1,1,4,3,1,1,3,3,4,4,5,4,2,1,5,1,3,1,4
732,1,4,5,1,5,5,4,4,1,4,5,4,1,1,3,3,5,4,5,1,4,4,1,2,2
733,4,2,5,1,3,1,5,4,4,1,2,2,5,2,2,4,1,2,3,4,3,2,3,2,5
734,2,1,5,1,1,5,1,2,2,4,3,5,5,5,1,2,4,4,5,1,5,5,3,3,4
735,5,3,1,4,1,4,4,4,1,1,4,5,2,3,5,4,1,4,5,2,1,5,3,3,4
736,2,4,5,1,2,1,2,5,1,5,2,5,3,2,3,1,1,5,3,4,3,2,1,5,3
737,2,1,3,3,5,5,2,1,5,2,2,2,2,4,3,5,4,3,1,4,5,1,3,3,1
738,2,1,2,5,1,1,4,3,3,2,3,5,4,1,1,1,4,2,1,4,5,1,3,1,2
739,4,5,2,5,4,3,5,1,2,1,5,4,3,4,1,2,4,5,5,2,3,2,4,3,4
740,1,1,4,4,1,5,4,3,1,2,1,1,5,3,2,2,1,4,4,1,5,1,4,5,4
741,1,1,5,5,2,5,1,1,1,5,2,4,1,3,3,2,5,2,5,2,5,2,2,5,1
742,2,4,2,2,5,4,3,5,1,5,1,4,5,4,2,3,2,4,5,4,3,5,5,2,4
743,5,3,2,4,2,3,4,5,5,1,4,1,2,3,5,2,2,1,1,1,3,5,1,4,5
744,3,3,4,5,2,1,1,1,3,3,2,1,1,3,4,3,4,1,4,4,5,4,1,4,5
745,3,3,1,3,3,2,5,5,3,3,1,5,3,5,5,3,2,2,2,4,2,3,1,2,2
746,3,4,1,5,1,4,1,4,4,4,4,2,3,5,1,1,5,5,3,3,1,2,2,2,4
747,4,4,5,3,5,4,4,2,5,4,1,3,3,4,4,2,5,4,4,2,2,3,1,4,3
748,4,3,5,2,2,2,3,5,3,3,3,4,4,2,1,3,3,1,3,2,4,2,5,2,5
749,4,1,4,2,2,2,4,4,3,3,1,1,4,4,5,4,1,3,5,4,2,1,3,5,5
750,2,1,1,3,4,3,4,5,2,3,1,4,5,4,1,5,3,4,4,2,2,1,5,4,4
751,4,2,3,3,4,1,4,5,1,3,4,3,2,5,1,4,5,4,5,2,4,2,5,1,2
752,5,4,4,5,1,3,4,4,2,2,4,2,2,5,3,1,5,2,4,1,5,1,3,3,4
753,5,4,4,2,4,4,4,5,3,1,5,1,3,3,2,1,1,3,1,2,5,1,5,2,3
754,5,4,2,5,4,1,5,4,1,3,2,5,4,3,1,5,5,5,4,5,5,5,1,3,3
755,3,2,4,1,3,5,3,1,5,5,5,5,1,1,3,1,3,1,2,4,3,1,1,3,5
756,3,3,3,5,3,5,5,4,4,4,3,4,4,2,4,1,5,4,3,2,1,4,4,1,2
757,3,5,2,1,4,4,4,4,2,4,5,4,5,5,3,4,2,4,3,2,1,1,3,3,2
758,3,3,4,3,2,5,5,2,1,3,1,4,5,1,4,3,4,3,2,3,5,5,3,4,5
759,2,1,5,5,2,1,5,4,2,5,4,3,1,5,3,5,4,3,2,4,5,2,1,1,1
760,1,5,5,1,1,3,2,2,5,5,2,1,5,2,5,3,2,3,3,5,5,5,2,2,2
761,2,1,5,1,2,1,3,5,2,2,3,4,5,4,5,5,2,1,3,5,1,2,4,4,3
762,5,1,2,4,5,5,1,5,5,3,2,5,3,4,3,2,3,4,4,2,2,2,2,3,3
763,4,1,1,2,5,2,5,3,2,1,3,2,2,1,5,5,1,3,2,4,1,4,3,5,2
764,2,3,5,5,3,1,4,3,1,4,2,1,2,5,4,5,5,2,1,1,1,4,5,3,4
765,1,3,3,5,2,3,5,5,1,5,3,4,3,5,2,5,2,1,4,3,5,3,2,5,5
766,3,3,3,3,4,1,1,1,4,2,3,4,5,3,1,2,3,2,2,3,5,1,5,1,3
767,1,4,4,4,1,5,2,2,5,1,1,4,3,4,3,1,1,3,4,2,3,3,4,2,5
768,3,5,1,4,1,2,1,3,4,5,5,4,1,1,4,1,1,2,4,5,5,2,2,1,4
769,3,3,3,1,3,2,1,5,5,1,5,2,3,5,1,2,3,2,2,1,4,3,3,2,3
770,1,5,3,3,1,1,1,3,2,3,5,3,2,4,2,1,4,2,3,4,3,2,2,5,4
771,5,2,4,2,3,1,2,4,2,3,5,2,3,1,3,1,3,3,4,5,1,5,1,1,5
772,5,3,5,5,3,5,3,3,1,3,1,1,3,1,4,1,3,3,1,3,4,5,4,3,1
773,3,4,3,2,1,5,1,4,4,4,2,1,3,1,1,3,3,5,4,1,4,5,1,2,3
774,5,5,2,4,1,5,2,3,4,1,4,2,5,5,5,5,4,2,3,3,4,2,5,3,3
775,4,4,2,1,2,5,3,2,2,3,3,2,2,1,1,1,3,5,3,2,5,1,2,3,3
776,2,4,3,4,5,2,1,2,3,3,3,3,2,2,2,5,1,1,5,5,1,4,2,1,3
777,2,1,5,5,1,4,5,2,2,4,2,2,4,5,2,4,5,1,5,5,3,1,4,4,4
778,4,5,3,3,5,3,2,1,4,4,4,2,3,2,5,3,1,5,1,2,3,5,5,3,3
779,2,2,1,4,5,4,5,2,3,4,5,5,5,5,5,2,2,4,1,3,3,1,2,5,2
780,5,2,4,4,4,4,5,5,4,3,5,4,1,1,1,4,1,2,5,3,4,3,1,1,1
781,3,2,4,1,1,3,3,4,5,3,2,5,2,4,5,4,2,5,1,3,5,4,3,4,4
782,3,5,5,1,1,3,3,2,3,1,5,3,4,1,2,5,1,4,2,1,2,1,4,4,2
783,4,4,4,3,3,3,1,5,3,2,5,2,1,5,3,5,2,1,3,4,2,2,4,3,5
784,3,1,3,5,5,5,1,3,1,5,1,4,4,3,1,1,4,3,2,2,3,4,3,1,5
785,2,3,4,4,2,2,4,2,5,2,2,5,2,3,5,3,4,2,5,3,4,3,4,4,2
786,5,4,3,2,2,3,2,3,3,5,5,4,2,1,1,4,4,3,4,5,2,2,5,4,1
787,5,5,3,4,4,2,2,5,2,1,4,3,4,2,1,5,5,3,2,4,1,5,1,1,4
788,4,1,4,4,3,5,5,5,5,5,2,5,2,2,3,3,5,4,4,2,2,1,2,1,4
789,1,5,1,4,5,2,2,4,1,2,4,3,2,4,2,1,2,3,3,5,3,3,2,2,1
790,4,2,1,1,5,1,4,2,1,4,2,1,2,2,3,3,2,2,1,1,2,1,1,2,1
791,4,2,2,2,3,5,2,4,1,1,3,5,3,1,2,2,1,4,5,1,4,5,5,5,2
792,5,1,5,5,3,2,3,3,3,3,4,2,2,3,2,4,5,3,3,2,5,2,3,1,3
793,2,3,4,2,3,2,5,2,4,2,5,4,1,1,1,3,3,5,1,3,1,1,4,3,2
794,4,1,4,4,4,5,2,3,2,1,4,5,1,5,5,1,4,2,4,4,3,2,5,2,5
795,5,5,1,4,1,1,5,1,1,5,1,4,3,5,3,2,1,1,3,4,3,5,5,5,5
796,5,3,2,1,5,3,2,3,2,2,4,2,3,4,2,3,2,2,2,2,4,3,1,4,1
797,1,3,2,5,4,5,3,2,3,1,1,1,3,3,2,3,2,5,3,2,4,5,2,3,2
798,4,1,1,1,3,3,5,5,2,3,5,5,2,3,3,4,4,4,3,5,5,1,3,1,4
799,2,2,5,3,2,4,2,1,5,1,2,3,4,3,2,3,5,2,2,5,3,3,2,3,3
800,2,5,2,5,1,4,2,5,3,4,4,1,2,5,2,1,2,5,2,4,4,4,5,3,1
801,2,2,3,2,1,5,3,4,3,4,1,2,3,3,3,2,4,3,3,1,5,4,5,3,5
802,1,5,1,3,1,3,3,5,1,3,3,1,2,5,2,3,4,3,5,5,3,4,4,1,3
803,1,2,2,2,2,5,3,1,5,3,3,2,4,5,3,4,3,3,2,1,1,2,2,3,1
804,1,1,2,4,4,4,2,2,2,1,1,2,1,2,1,2,3,3,4,1,5,3,1,5,4
805,3,2,2,2,4,4,5,2,4,2,5,5,5,2,2,3,3,5,2,2,3,5,5,4,3
806,5,5,5,3,1,3,4,3,2,4,2,5,3,5,5,4,3,4,3,5,5,4,2,2,5
807,2,2,4,1,3,2,4,1,5,3,1,3,2,3,4,5,1,2,1,2,4,1,1,1,2
808,1,2,1,1,4,5,5,3,4,2,2,1,3,2,2,4,1,2,1,2,2,4,5,3,5
809,1,5,4,1,1,5,1,2,3,1,5,1,2,2,4,5,4,3,4,5,5,5,5,4,1
810,2,1,3,1,5,5,2,4,3,1,2,3,5,1,4,1,1,1,1,3,1,3,2,2,2
811,2,3,5,2,2,2,4,2,4,3,5,1,2,4,1,2,2,1,4,4,2,3,4,2,3
812,2,1,1,1,1,3,4,2,1,3,2,1,4,5,3,5,2,3,3,4,3,5,2,2,5
813,1,3,1,5,1,2,1,5,2,4,2,2,3,2,3,1,4,1,5,1,4,1,2,3,1
814,5,4,5,3,3,1,4,5,4,4,2,3,1,5,1,1,3,3,2,5,3,1,4,3,5
815,4,3,4,5,1,2,1,4,4,1,2,3,1,5,1,3,1,4,4,3,3,1,4,1,3
816,5,2,2,2,3,3,5,4,3,2,4,1,4,4,1,4,3,2,3,1,3,5,4,1,3
817,4,1,1,3,5,5,2,4,5,2,1,3,4,4,2,3,1,1,3,2,5,5,3,4,2
818,5,4,2,2,1,4,4,4,2,3,4,2,1,5,1,2,5,4,5,5,5,3,5,4,3
819,4,1,3,3,4,2,1,2,1,4,5,5,5,5,5,1,5,1,2,3,1,2,1,3,1
820,4,1,3,1,5,4,1,1,3,5,2,2,3,3,2,4,3,3,3,1,5,4,1,4,1
821,4,2,2,2,2,2,5,2,3,3,2,5,2,4,1,2,3,1,1,3,2,4,4,2,2
822,5,4,3,5,1,5,5,1,1,4,4,1,2,3,1,1,1,4,2,5,4,3,1,5,4
823,3,5,3,5,5,5,1,4,2,4,5,4,4,2,2,4,2,3,5,1,2,3,3,4,5
824,1,4,1,3,5,2,4,3,3,3,3,1,1,5,3,1,3,3,1,2,4,4,2,4,3
825,4,2,5,3,1,1,3,5,3,3,5,5,2,3,3,2,3,2,2,4,3,4,1,4,1
826,3,5,5,3,1,4,5,4,2,5,5,2,1,2,2,1,2,1,1,2,5,4,5,2,5
827,3,1,4,4,2,3,5,5,3,5,4,4,3,1,2,1,3,2,5,3,2,1,5,5,4
828,3,5,3,1,5,5,1,4,5,4,2,1,4,5,5,3,2,2,3,4,3,2,5,4,5
829,1,3,2,2,1,2,1,2,4,3,5,4,5,5,1,5,1,2,1,2,4,5,5,3,2
830,2,4,4,1,2,4,4,5,2,1,5,2,5,4,4,4,4,5,3,1,3,5,1,4,4
831,1,5,5,5,3,1,2,4,1,5,4,1,5,5,1,2,3,3,3,5,2,2,5,3,1
832,3,5,4,3,3,4,4,5,2,1,3,2,4,2,2,5,4,2,5,3,5,4,4,1,2
833,2,4,5,1,5,3,5,4,2,5,2,1,5,5,2,4,2,3,5,3,4,3,4,2,3
834,4,1,3,5,2,4,2,4,3,1,5,4,3,3,1,2,5,1,4,2,5,1,2,4,1
835,5,3,2,4,4,1,2,1,5,4,2,3,4,4,5,4,3,5,3,4,3,2,2,3,1
836,2,1,1,5,2,1,1,2,5,2,5,2,4,3,4,5,5,4,5,2,2,5,5,5,1
837,2,3,5,2,5,3,3,4,2,1,4,5,5,3,5,1,5,5,3,4,2,3,3,5,2
838,4,1,3,5,4,4,4,2,3,5,1,2,5,5,4,2,4,2,2,1,5,2,1,3,5
839,5,4,5,3,2,2,1,1,2,5,5,5,1,3,2,4,2,5,4,5,3,2,2,3,1
840,1,1,3,2,2,3,5,2,4,4,3,5,1,2,2,1,4,1,5,2,1,4,2,2,4
841,3,4,5,3,4,3,1,3,2,4,2,2,1,1,4,1,5,1,1,2,2,1,2,2,4
842,4,2,2,2,2,4,5,5,1,1,3,4,3,5,2,1,3,4,2,2,3,5,4,4,1
843,2,3,5,5,2,4,4,3,1,1,2,3,4,2,5,3,1,1,3,5,3,2,3,4,1
844,4,2,4,4,4,2,2,3,5,2,3,1,5,3,4,3,2,2,1,5,2,4,4,4,1
845,1,1,4,5,2,5,1,4,3,2,4,5,1,5,4,4,5,4,1,1,3,5,4,2,3
846,3,1,2,1,2,2,1,2,5,3,4,3,3,2,2,3,5,2,5,4,3,5,5,3,2
847,5,1,2,3,3,3,2,5,4,1,2,5,5,5,2,3,5,3,4,3,4,5,4,3,2
848,2,4,5,2,2,1,2,1,1,3,3,5,5,4,1,2,5,1,4,1,4,5,5,5,2
849,5,4,5,5,5,3,2,1,4,2,4,3,4,3,4,1,5,5,4,5,4,3,1,1,1
850,3,3,4,5,1,5,4,2,5,2,5,1,1,3,4,3,3,1,5,1,3,4,2,5,1
851,5,1,1,3,2,4,5,2,3,5,3,2,3,4,2,5,3,4,1,2,2,1,2,1,3
852,2,5,2,4,3,5,5,5,1,2,1,3,2,5,1,3,3,1,3,1,3,4,2,2,1
853,3,1,3,2,4,1,3,1,3,3,4,2,5,2,4,3,2,5,5,1,5,1,2,2,2
854,3,5,4,2,5,4,1,4,5,2,2,4,1,5,5,4,5,3,5,3,4,3,5,5,3
855,1,1,2,2,4,1,4,3,4,2,5,1,1,1,5,1,3,2,1,3,2,3,4,5,1
856,2,5,5,1,1,1,2,2,1,5,4,1,5,2,1,3,5,3,1,2,1,4,2,3,3
857,2,5,5,3,3,3,1,2,3,3,5,1,4,4,3,1,2,4,4,2,2,5,4,5,2
858,3,3,5,3,5,2,3,4,4,2,2,2,3,1,3,5,1,4,4,4,1,5,2,5,4
859,3,4,5,5,3,5,2,3,3,2,1,4,3,1,1,1,2,1,4,5,1,3,3,2,1
860,1,5,4,5,4,5,5,5,5,1,5,2,2,5,4,2,2,1,3,5,5,1,1,3,4
861,1,4,4,5,1,3,1,2,2,2,1,3,5,3,5,1,3,4,5,4,5,2,5,5,5
862,2,3,2,3,5,5,4,5,4,5,1,5,4,4,1,2,2,5,4,1,3,4,2,5,4
863,2,3,3,4,3,5,1,3,1,2,2,4,3,5,4,4,3,4,4,1,4,5,4,1,2
864,1,2,3,3,2,3,4,3,1,1,1,2,2,3,1,5,3,5,4,1,3,4,4,4,3
865,1,2,1,4,2,5,2,1,2,3,5,4,4,2,1,5,4,5,3,1,3,4,5,5,3
866,4,1,3,1,4,4,1,5,5,2,5,1,2,3,4,2,1,4,5,5,3,4,1,2,2
867,4,5,1,4,5,3,3,5,2,5,4,1,1,4,3,5,4,2,5,5,4,4,5,5,3
868,4,4,1,3,2,5,1,5,1,1,2,1,1,3,2,3,1,2,2,2,5,2,2,4,5
869,5,2,3,5,1,2,3,3,5,1,1,4,3,1,1,3,1,1,2,4,4,1,2,3,1
870,5,1,5,5,4,1,3,4,5,4,1,3,1,2,2,3,5,2,5,1,1,1,4,4,2
871,1,2,2,3,5,2,5,2,1,5,5,1,5,5,3,2,4,2,3,2,2,5,4,2,2
872,5,3,5,2,4,1,2,1,2,5,3,3,1,3,1,1,2,1,5,1,3,3,4,3,5
873,1,2,2,3,3,4,5,5,1,5,5,1,5,2,3,5,2,1,5,1,2,1,5,2,5
874,2,2,5,5,5,1,2,5,2,4,4,4,2,5,2,5,3,5,2,3,5,2,1,1,2
875,2,3,1,3,5,2,4,2,3,1,2,4,5,2,1,3,1,2,4,5,1,3,4,5,3
876,2,3,3,4,5,4,5,5,4,2,1,1,1,3,4,1,4,5,4,5,2,3,3,3,1
877,5,4,5,3,4,5,1,1,2,1,1,3,5,3,1,1,1,5,1,3,3,3,2,3,2
878,2,1,4,2,5,5,3,1,2,5,3,4,2,3,2,1,5,4,1,1,5,1,2,4,1
879,5,2,5,3,1,2,5,2,4,2,4,2,2,2,5,2,4,5,1,4,4,5,5,2,3
880,3,3,1,5,5,2,4,1,3,4,1,5,5,2,3,1,3,4,1,2,5,4,4,1,3
881,3,3,3,4,2,3,4,4,2,5,5,1,1,4,4,5,3,1,3,3,3,1,1,4,3
882,4,5,1,2,5,1,1,4,4,5,3,1,5,3,1,4,1,4,1,4,4,1,2,3,5
883,4,2,2,1,3,2,3,5,3,5,3,5,2,3,5,5,5,5,5,2,1,1,4,5,3
884,5,1,1,3,3,3,3,4,1,2,4,1,4,2,4,4,2,4,1,4,3,1,4,5,2
885,3,2,5,2,4,2,4,4,1,3,3,1,2,4,5,1,3,4,1,1,4,4,4,3,4
886,4,4,4,3,1,1,3,3,3,2,2,1,1,5,1,3,3,2,3,1,4,1,4,5,3
887,2,3,1,1,5,2,4,1,3,5,3,5,4,5,1,2,3,3,1,2,5,5,1,1,5
888,2,5,1,2,3,4,4,5,4,4,5,1,1,2,4,4,5,5,2,2,3,4,3,3,5
889,2,2,4,2,2,2,1,5,2,3,3,3,2,4,1,1,5,3,3,1,1,1,4,2,4
890,4,2,1,4,1,5,1,5,4,4,1,4,5,2,1,3,3,4,4,5,2,5,3,4,3
891,3,2,4,2,4,5,3,4,2,3,3,2,5,5,2,4,5,1,2,2,5,5,3,5,2
892,2,5,1,4,2,2,1,2,1,1,2,2,5,5,4,2,1,4,5,3,3,4,1,3,1
893,2,1,3,2,3,2,4,3,1,5,5,1,1,1,5,5,1,1,1,5,2,1,1,5,5
894,1,3,5,3,5,3,5,2,5,2,4,4,4,3,1,5,5,1,2,2,1,2,5,2,2
895,5,5,3,3,1,4,3,3,2,3,2,1,4,3,2,4,3,2,2,4,3,2,1,1,2
896,3,2,3,1,4,2,3,4,2,1,1,5,2,4,4,2,1,1,5,2,4,1,1,5,2
897,4,5,5,2,4,2,5,1,4,4,4,2,5,5,3,1,5,2,3,4,4,5,5,5,4
898,5,4,1,2,3,5,2,2,2,5,1,2,5,2,5,4,5,3,5,5,4,3,4,4,4
899,3,2,5,2,1,2,5,4,1,1,1,3,4,5,2,2,5,1,4,2,5,3,2,4,3
900,1,5,5,4,2,4,3,5,2,4,4,5,2,1,4,4,5,2,4,1,1,1,4,4,3
901,3,5,4,4,5,5,3,1,2,3,4,5,1,4,4,3,3,4,1,5,4,2,5,3,2
902,3,5,1,4,2,1,4,5,5,4,3,4,5,3,2,5,1,5,5,2,5,2,4,5,4
903,4,4,5,2,3,3,2,4,4,4,4,4,3,2,3,1,3,5,3,2,5,4,5,5,5
904,4,3,5,1,4,1,4,4,5,3,2,3,1,3,5,1,1,3,4,1,4,2,4,5,4
905,3,2,4,2,5,3,4,5,3,4,5,3,3,3,5,1,5,1,5,4,1,2,1,4,3
906,2,3,1,4,2,4,3,1,3,5,3,2,3,3,1,3,5,2,5,1,4,1,4,5,3
907,1,4,2,1,2,2,5,5,3,2,1,5,4,3,4,3,3,4,5,2,1,2,2,2,3
908,2,4,1,2,1,3,5,1,4,3,3,1,3,4,3,3,2,5,4,4,4,1,3,1,1
909,4,3,2,1,3,3,1,1,5,3,2,3,4,1,1,1,2,1,4,4,4,1,3,1,5
910,1,4,3,4,2,3,1,1,3,2,2,3,2,5,5,4,2,4,5,4,5,5,1,1,4
911,5,5,2,5,5,4,5,4,4,5,2,5,3,3,4,4,1,2,3,3,5,4,2,2,3
912,3,2,1,3,2,5,3,3,2,1,3,3,4,2,5,1,2,4,4,5,1,2,4,2,2
913,3,4,4,4,4,4,4,5,2,5,4,4,1,3,4,2,3,1,4,5,1,3,5,3,4
914,3,2,4,3,2,5,5,5,2,3,2,3,3,3,3,2,4,1,2,1,2,5,3,4,3
915,5,2,5,5,1,4,4,4,5,4,2,3,1,3,5,2,5,3,4,2,2,2,4,1,3
916,1,4,1,4,5,5,5,4,4,4,1,3,3,5,2,1,4,2,4,4,3,5,5,4,4
917,3,1,1,1,1,3,5,4,4,2,1,3,2,3,5,5,3,3,4,1,2,3,3,4,5
918,3,3,2,3,4,4,2,1,3,3,2,2,3,4,4,3,1,3,2,5,4,5,2,4,5
919,3,5,4,3,1,5,5,2,1,3,3,5,3,2,4,5,3,5,2,5,2,5,2,2,3
920,2,3,3,2,2,3,1,4,4,4,1,4,1,1,3,2,3,2,5,5,4,3,2,2,5
921,4,5,2,3,3,2,2,1,2,1,2,4,3,2,1,3,5,3,2,2,4,1,1,4,2
922,2,5,1,3,1,1,3,4,5,4,5,4,3,1,3,2,3,4,5,1,4,2,4,2,2
923,3,4,4,2,3,4,3,5,2,2,2,1,4,3,3,2,2,1,1,3,3,3,5,3,5
924,2,4,1,1,3,1,2,1,5,3,1,2,4,5,4,1,5,1,1,2,1,2,4,2,1
925,2,1,4,1,5,5,2,3,2,3,5,2,1,5,1,3,2,3,2,1,1,5,2,4,3
926,1,3,5,1,5,1,4,5,5,5,5,3,5,5,3,3,4,3,5,3,2,1,4,2,3
927,1,2,2,1,2,5,4,3,1,4,3,3,1,3,5,3,1,5,1,4,1,2,4,1,2
928,4,1,4,2,4,2,4,5,1,2,3,4,5,4,5,3,1,3,5,4,5,3,3,4,1
929,4,5,2,2,4,3,4,3,1,5,2,1,4,5,5,4,3,5,2,2,5,5,3,5,3
930,1,3,1,3,4,3,1,5,3,4,1,3,4,1,2,2,3,1,5,1,5,3,4,2,1
931,2,2,3,2,3,1,2,2,3,3,4,3,3,3,3,2,5,4,5,3,1,4,1,4,3
932,5,5,5,4,5,1,3,5,4,3,4,5,1,2,4,3,2,5,3,4,3,2,3,3,3
933,3,4,4,4,1,2,1,1,5,4,4,1,3,1,5,3,5,5,1,4,1,2,1,5,2
934,2,1,3,2,4,2,2,5,1,3,5,2,5,2,1,1,5,4,1,5,3,5,4,3,3
935,5,2,3,4,2,2,4,1,5,4,4,2,4,4,5,1,4,3,3,1,4,2,5,1,1
936,4,2,2,3,5,5,5,1,4,4,3,5,2,4,3,3,1,5,5,5,1,4,2,5,3
937,1,3,5,2,4,5,1,4,5,1,2,4,5,2,5,5,5,2,2,1,1,3,2,4,2
938,2,5,5,4,3,2,3,4,3,3,3,2,5,3,3,1,3,5,3,3,5,5,4,1,4
939,5,3,4,3,4,3,1,5,1,4,2,3,3,4,4,2,2,5,4,2,4,1,4,1,4
940,5,5,4,5,1,4,2,2,4,4,2,5,2,4,5,4,4,2,5,3,2,4,4,5,1
941,2,1,5,4,1,4,2,4,3,3,1,5,4,1,5,5,5,3,4,5,1,1,2,5,4
942,3,4,3,5,4,5,3,5,1,3,1,2,1,4,2,2,4,3,3,2,5,2,3,2,2
943,4,3,5,5,4,4,3,5,5,3,3,4,2,2,1,4,4,4,5,5,4,2,3,3,2
944,3,1,5,2,3,2,5,1,4,2,2,3,3,5,1,4,3,4,1,3,2,3,4,5,1
945,4,2,3,4,2,4,4,3,2,1,2,3,5,4,2,3,4,2,5,3,2,4,5,2,1
946,4,5,5,2,1,1,1,4,3,1,2,1,2,1,2,2,2,2,3,1,1,2,1,2,4
947,5,3,5,5,1,4,3,1,2,3,5,2,2,5,4,3,2,5,1,2,4,1,1,3,4
948,5,2,5,5,3,3,5,2,4,4,5,4,1,5,3,3,2,2,5,3,3,4,2,4,2
949,2,5,3,3,4,3,3,4,4,3,1,3,1,5,2,1,4,3,2,1,4,3,4,3,1
950,4,2,2,2,2,1,4,2,4,2,5,2,5,2,2,2,3,3,1,3,1,3,3,1,2
951,1,3,1,1,5,3,5,2,3,4,3,3,2,1,4,4,1,5,1,4,5,2,3,3,3
952,4,1,2,4,5,2,1,5,1,1,4,4,3,2,4,3,5,1,5,1,4,3,2,3,4
953,5,5,1,2,1,4,5,2,5,1,1,1,4,4,2,4,2,4,4,1,4,4,3,1,5
954,5,3,2,2,1,2,1,1,5,2,5,3,3,5,3,1,4,1,1,1,5,4,2,1,3
955,4,2,5,4,4,5,2,2,5,1,3,2,2,1,2,4,3,2,1,4,1,2,4,4,1
956,3,4,1,5,2,5,1,1,1,5,2,3,2,2,3,2,2,1,1,2,4,4,5,2,3
957,1,2,1,5,3,5,5,4,5,5,4,4,2,1,3,2,1,1,2,4,4,2,4,4,4
958,1,3,2,5,1,2,2,1,4,3,1,4,2,5,3,4,5,2,4,1,1,1,2,3,1
959,4,2,4,1,3,3,1,2,1,4,1,1,3,5,1,1,1,5,4,4,1,3,4,5,1
960,3,2,3,3,5,2,2,2,3,1,1,2,1,2,1,1,3,4,4,3,4,4,2,2,4
961,3,2,4,3,5,5,2,3,5,5,3,1,1,2,4,1,1,3,3,4,3,4,5,2,4
962,3,1,3,3,3,1,3,2,3,2,3,4,1,1,2,1,4,2,4,4,1,3,3,4,4
963,3,2,5,4,3,4,2,4,3,5,5,1,3,2,5,3,2,2,5,4,4,2,1,4,1
964,5,4,4,2,5,4,3,5,5,2,4,4,3,2,4,2,2,1,1,5,1,5,3,2,4
965,1,5,5,5,5,4,2,3,5,4,5,3,5,5,1,1,5,2,4,3,4,3,4,5,1
966,3,1,1,1,4,2,2,4,2,3,4,5,5,1,3,5,2,5,2,3,4,4,4,3,2
967,1,4,4,1,4,2,1,1,2,4,2,5,2,5,5,3,4,4,2,4,3,3,4,3,4
968,1,1,5,3,3,3,2,2,4,3,1,1,4,2,1,3,2,2,3,4,3,1,3,5,3
969,4,4,4,2,1,1,2,5,3,4,3,1,2,3,1,4,2,3,5,4,1,3,3,5,4
970,2,5,1,5,1,5,1,5,1,5,3,5,2,2,2,2,1,2,2,3,4,3,2,1,3
971,2,1,4,5,4,1,1,3,3,1,1,4,3,3,1,4,3,5,3,5,4,2,5,3,5
972,3,3,5,3,2,1,4,3,2,3,3,4,3,3,2,4,2,4,2,4,4,2,5,2,3
973,5,1,5,5,1,2,3,5,2,5,4,3,5,3,4,2,5,5,3,5,4,1,4,2,5
974,4,2,3,3,2,4,3,3,3,5,3,2,4,1,1,4,1,3,1,4,2,3,2,3,3
975,4,5,5,1,3,3,4,3,4,3,5,5,5,5,3,4,4,1,1,1,2,2,1,2,3
976,5,5,2,4,3,5,4,2,2,1,4,4,1,1,4,4,4,2,5,2,4,4,4,2,5
977,5,2,5,5,3,1,3,3,4,4,3,5,2,4,3,3,1,5,3,3,3,2,1,4,2
978,1,3,5,1,4,2,1,4,3,5,5,2,1,3,2,5,1,3,2,5,2,2,1,1,4
979,4,4,5,4,5,1,5,4,1,1,4,3,3,2,3,2,2,5,3,2,1,5,4,1,4
980,4,3,3,1,2,3,5,1,4,3,4,1,3,1,1,2,5,1,4,1,2,4,5,4,1
981,3,2,4,1,2,2,2,5,5,2,2,3,1,4,3,1,1,4,1,3,4,5,3,3,1
982,3,5,5,4,3,4,3,4,2,2,5,4,2,1,2,4,3,5,5,2,2,5,1,3,1
983,3,4,4,1,5,1,2,3,3,3,2,2,3,5,5,3,2,4,2,5,1,2,2,5,4
984,3,3,4,3,1,1,2,3,2,1,4,5,3,1,1,1,4,2,4,2,4,1,4,3,3
985,3,2,2,5,5,4,1,2,1,1,4,5,1,2,5,4,5,2,3,1,3,2,2,3,1
986,2,4,4,2,2,2,3,3,5,2,3,5,1,3,4,1,1,4,2,4,1,3,4,5,5
987,2,1,1,3,1,4,4,3,2,3,5,3,3,1,3,2,5,4,4,5,5,2,4,3,4
988,3,5,5,3,2,5,3,1,4,2,3,2,4,5,1,4,2,5,4,4,2,1,5,3,2
989,1,2,2,1,5,4,3,2,3,1,5,3,4,2,5,4,2,2,1,2,1,3,4,4,2
990,3,5,4,5,2,3,4,2,3,5,3,2,3,2,1,5,2,5,3,5,4,1,2,1,4
991,1,1,3,1,3,2,1,2,3,4,3,3,1,4,1,5,4,2,1,2,5,5,5,2,4
992,4,2,5,1,1,1,4,3,1,1,2,4,2,5,2,1,4,1,2,3,2,1,3,2,2
993,1,4,3,1,5,2,1,3,3,2,1,2,3,3,1,3,3,5,2,3,5,5,4,5,3
994,5,5,4,4,5,2,2,2,5,5,5,4,2,3,1,3,1,2,2,2,4,2,5,3,1
995,1,3,2,5,5,5,3,5,4,2,3,1,5,1,5,1,3,2,5,3,4,5,4,1,3
996,1,2,2,1,1,3,3,5,5,5,3,4,2,1,3,3,5,4,3,5,4,2,4,2,3
997,5,5,2,5,3,3,2,1,2,5,1,3,4,3,4,2,5,5,1,1,1,2,3,4,2
998,3,4,1,3,1,1,1,5,4,1,1,5,3,1,4,3,4,5,1,1,1,5,2,3,5
999,4,1,5,2,5,5,2,5,1,1,1,4,5,3,2,5,5,2,1,3,2,4,1,3,5
1000,1,3,5,2,3,4,4,4,1,2,3,4,5,5,3,3,5,1,3,3,3,3,1,3,5
